ID,匹配关系ID,版本ID,物料项ID,*背景数据ID,背景数据分类,背景数据名称（中文）,背景数据名称（英文）,参考产品,系统模型,地理位置（中文）,单位,碳足迹,所属标准
46641631158657034,46641625617981458,41524144274399237,45219317083369479,26336156619722399,回收利用,废铁的分拣和压制,sorting and pressing of iron scrap,废铁，分拣、压制后,Cut-off,世界其他地区,kg,0.0309978225904355,
46641631158657035,46641625617981458,41524144274399237,45219317083369479,26336156619724665,回收利用,金属废料处理，混合，用于回收，未分拣，进行分拣,"treatment of metal scrap, mixed, for recycling, unsorted, sorting",废铁，分拣、压制后,Cut-off,欧洲（不包括瑞士）,kg,0.0468718440472447,
46641631158657036,46641625617981458,41524144274399237,45219317083369479,26336156619724838,回收利用,废铁，分拣、压制后，回收截断,"iron scrap, sorted, pressed, Recycled Content cut-off",废铁，分拣、压制后,Cut-off,全球,kg,0,
46641631158657037,46641625617981458,41524144274399237,45219317083369479,26336156619734515,回收利用,废铁市场，分类，压制,"market for iron scrap, sorted, pressed",废铁，分拣、压制后,Cut-off,欧洲,kg,0.0367142629458807,
46641631158657038,46641625617981458,41524144274399237,45219317083369479,26336156619736852,回收利用,废铁市场，分类，压制,"market for iron scrap, sorted, pressed",废铁，分拣、压制后,Cut-off,世界其他地区,kg,0.0697467957100147,
46641631158657039,46641625617981458,41524144274399237,45219317083369479,26336156619737029,回收利用,废铁，未分拣，回收截断,"iron scrap, unsorted, Recycled Content cut-off",废铁，未分拣,Cut-off,全球,kg,0,
46641631158657040,46641625617981458,41524144274399237,45219317083369479,26336156619737193,回收利用,金属废料处理，混合，用于回收，未分拣，进行分拣,"treatment of metal scrap, mixed, for recycling, unsorted, sorting",废铁，分拣、压制后,Cut-off,瑞士,kg,0.0355606751179302,
46641631158657041,46641625617981458,41524144274399237,45219317083369479,26336156619738957,回收利用,金属废料处理，混合，用于回收，未分拣，进行分拣,"treatment of metal scrap, mixed, for recycling, unsorted, sorting",废铁，分拣、压制后,Cut-off,世界其他地区,kg,0.0924178592270052,
46641631158657042,46641625617981458,41524144274399237,45219317083369479,26336156619741465,回收利用,废铁的分拣和压制,sorting and pressing of iron scrap,废铁，分拣、压制后,Cut-off,欧洲,kg,0.0262057742902889,
46641631158657043,46641625617981458,41524144274399237,45219317083369479,26336156619742819,回收利用,废铁市场，未分类的,"market for iron scrap, unsorted",废铁，未分拣,Cut-off,全球,kg,0.00352310565774756,
46641631158132745,46641625617981457,41524144274399237,45219317081796623,26336156619723258,回收利用,废塑料，消费电子产品，分拣后，回收截断,"waste plastic, consumer electronics, sorted, Recycled Content cut-off",废塑料，消费电子产品，分拣后,Cut-off,全球,kg,0,
46641631158132746,46641625617981457,41524144274399237,45219317081796623,26336156619723692,回收利用,废塑料市场，消费电子产品，分类,"market for waste plastic, consumer electronics, sorted",废塑料，消费电子产品，分拣后,Cut-off,全球,kg,0.120979486206638,
46641631158132747,46641625617981457,41524144274399237,45219317081796623,26336156619726417,回收利用,塑料颗粒生产，未指定，回收，非正规部门,"plastic granulate production, unspecified, recycled, informal sector",塑料颗粒，未指定，再生,Cut-off,印度,kg,0.520567566672793,
46641631158132748,46641625617981457,41524144274399237,45219317081796623,26336156619728133,回收利用,废弃塑料，消费电子产品，未分类市场,"market for waste plastic, consumer electronics, unsorted",废塑料，消费电子产品，未分拣,Cut-off,印度,kg,0.0308147121239652,
46641631158132749,46641625617981457,41524144274399237,45219317081796623,26336156619734143,回收利用,废塑料，消费电子产品，未分拣，回收截断,"waste plastic, consumer electronics, unsorted, Recycled Content cut-off",废塑料，消费电子产品，未分拣,Cut-off,全球,kg,0,
46641631158132750,46641625617981457,41524144274399237,45219317081796623,26336156619734256,回收利用,废塑料处理，消费电子产品，拆解，分拣和清洁，正规部门,"treatment of waste plastic, consumer electronics, dismantling, sorting and cleaning, formal sector",废塑料，消费电子产品，分拣后,Cut-off,印度,kg,0.160348493930167,
46641631158132751,46641625617981457,41524144274399237,45219317081796623,26336156619735514,回收利用,废弃塑料，消费电子产品，未分类市场,"market for waste plastic, consumer electronics, unsorted",废塑料，消费电子产品，未分拣,Cut-off,世界其他地区,kg,0.0296562209915286,
46641631158132752,46641625617981457,41524144274399237,45219317081796623,26336156619735663,回收利用,塑料颗粒市场，未指定，回收,"market for plastic granulate, unspecified, recycled",塑料颗粒，未指定，再生,Cut-off,印度,kg,0.552818822107455,
46641631158132753,46641625617981457,41524144274399237,45219317081796623,26336156619737504,回收利用,塑料颗粒生产，未指定，回收，正规部门,"plastic granulate production, unspecified, recycled, formal sector",塑料颗粒，未指定，再生,Cut-off,印度,kg,0.807943267500527,
46641631158132754,46641625617981457,41524144274399237,45219317081796623,26336156619740513,回收利用,废塑料处理，消费电子产品，手动拆解，分拣和清洁，非正规部门,"treatment of waste plastic, consumer electronics, manual dismantling, sorting and cleaning, informal sector",废塑料，消费电子产品，分拣后,Cut-off,印度,kg,0.0825481554888963,
46641631158132755,46641625617981457,41524144274399237,45219317081796623,26336156619794954,回收利用,"HiQ | 生产 | 废塑料处理, 预处理, 塑料清洗","HiQ | Production | Treatment of waste plastic, cleaning",废塑料,Cut-off,中国,kg,0.0831794512405592,
46641631158132756,46641625617981457,41524144274399237,45219317081796623,26336156619794982,回收利用,"HiQ | 生产 | 废塑料, 截断","HiQ | Production | Waste plastic, Recycled Content cut-off",废塑料,Cut-off,中国,kg,0,
46641631158394896,46641625617981456,41524144274399237,45219317082583056,26336156619723258,回收利用,废塑料，消费电子产品，分拣后，回收截断,"waste plastic, consumer electronics, sorted, Recycled Content cut-off",废塑料，消费电子产品，分拣后,Cut-off,全球,kg,0,
46641631158394897,46641625617981456,41524144274399237,45219317082583056,26336156619723692,回收利用,废塑料市场，消费电子产品，分类,"market for waste plastic, consumer electronics, sorted",废塑料，消费电子产品，分拣后,Cut-off,全球,kg,0.120979486206638,
46641631158394898,46641625617981456,41524144274399237,45219317082583056,26336156619726417,回收利用,塑料颗粒生产，未指定，回收，非正规部门,"plastic granulate production, unspecified, recycled, informal sector",塑料颗粒，未指定，再生,Cut-off,印度,kg,0.520567566672793,
46641631158394899,46641625617981456,41524144274399237,45219317082583056,26336156619728133,回收利用,废弃塑料，消费电子产品，未分类市场,"market for waste plastic, consumer electronics, unsorted",废塑料，消费电子产品，未分拣,Cut-off,印度,kg,0.0308147121239652,
46641631158394900,46641625617981456,41524144274399237,45219317082583056,26336156619734143,回收利用,废塑料，消费电子产品，未分拣，回收截断,"waste plastic, consumer electronics, unsorted, Recycled Content cut-off",废塑料，消费电子产品，未分拣,Cut-off,全球,kg,0,
46641631158394901,46641625617981456,41524144274399237,45219317082583056,26336156619734256,回收利用,废塑料处理，消费电子产品，拆解，分拣和清洁，正规部门,"treatment of waste plastic, consumer electronics, dismantling, sorting and cleaning, formal sector",废塑料，消费电子产品，分拣后,Cut-off,印度,kg,0.160348493930167,
46641631158394902,46641625617981456,41524144274399237,45219317082583056,26336156619735514,回收利用,废弃塑料，消费电子产品，未分类市场,"market for waste plastic, consumer electronics, unsorted",废塑料，消费电子产品，未分拣,Cut-off,世界其他地区,kg,0.0296562209915286,
46641631158657029,46641625617981456,41524144274399237,45219317082583056,26336156619735663,回收利用,塑料颗粒市场，未指定，回收,"market for plastic granulate, unspecified, recycled",塑料颗粒，未指定，再生,Cut-off,印度,kg,0.552818822107455,
46641631158657030,46641625617981456,41524144274399237,45219317082583056,26336156619737504,回收利用,塑料颗粒生产，未指定，回收，正规部门,"plastic granulate production, unspecified, recycled, formal sector",塑料颗粒，未指定，再生,Cut-off,印度,kg,0.807943267500527,
46641631158657031,46641625617981456,41524144274399237,45219317082583056,26336156619740513,回收利用,废塑料处理，消费电子产品，手动拆解，分拣和清洁，非正规部门,"treatment of waste plastic, consumer electronics, manual dismantling, sorting and cleaning, informal sector",废塑料，消费电子产品，分拣后,Cut-off,印度,kg,0.0825481554888963,
46641631158657032,46641625617981456,41524144274399237,45219317082583056,26336156619794954,回收利用,"HiQ | 生产 | 废塑料处理, 预处理, 塑料清洗","HiQ | Production | Treatment of waste plastic, cleaning",废塑料,Cut-off,中国,kg,0.0831794512405592,
46641631158657033,46641625617981456,41524144274399237,45219317082583056,26336156619794982,回收利用,"HiQ | 生产 | 废塑料, 截断","HiQ | Production | Waste plastic, Recycled Content cut-off",废塑料,Cut-off,中国,kg,0,
46641631158132757,46641625617981455,41524144274399237,45219317082320901,26336156619723258,回收利用,废塑料，消费电子产品，分拣后，回收截断,"waste plastic, consumer electronics, sorted, Recycled Content cut-off",废塑料，消费电子产品，分拣后,Cut-off,全球,kg,0,
46641631158394885,46641625617981455,41524144274399237,45219317082320901,26336156619723692,回收利用,废塑料市场，消费电子产品，分类,"market for waste plastic, consumer electronics, sorted",废塑料，消费电子产品，分拣后,Cut-off,全球,kg,0.120979486206638,
46641631158394886,46641625617981455,41524144274399237,45219317082320901,26336156619726417,回收利用,塑料颗粒生产，未指定，回收，非正规部门,"plastic granulate production, unspecified, recycled, informal sector",塑料颗粒，未指定，再生,Cut-off,印度,kg,0.520567566672793,
46641631158394887,46641625617981455,41524144274399237,45219317082320901,26336156619728133,回收利用,废弃塑料，消费电子产品，未分类市场,"market for waste plastic, consumer electronics, unsorted",废塑料，消费电子产品，未分拣,Cut-off,印度,kg,0.0308147121239652,
46641631158394888,46641625617981455,41524144274399237,45219317082320901,26336156619734143,回收利用,废塑料，消费电子产品，未分拣，回收截断,"waste plastic, consumer electronics, unsorted, Recycled Content cut-off",废塑料，消费电子产品，未分拣,Cut-off,全球,kg,0,
46641631158394889,46641625617981455,41524144274399237,45219317082320901,26336156619734256,回收利用,废塑料处理，消费电子产品，拆解，分拣和清洁，正规部门,"treatment of waste plastic, consumer electronics, dismantling, sorting and cleaning, formal sector",废塑料，消费电子产品，分拣后,Cut-off,印度,kg,0.160348493930167,
46641631158394890,46641625617981455,41524144274399237,45219317082320901,26336156619735514,回收利用,废弃塑料，消费电子产品，未分类市场,"market for waste plastic, consumer electronics, unsorted",废塑料，消费电子产品，未分拣,Cut-off,世界其他地区,kg,0.0296562209915286,
46641631158394891,46641625617981455,41524144274399237,45219317082320901,26336156619735663,回收利用,塑料颗粒市场，未指定，回收,"market for plastic granulate, unspecified, recycled",塑料颗粒，未指定，再生,Cut-off,印度,kg,0.552818822107455,
46641631158394892,46641625617981455,41524144274399237,45219317082320901,26336156619737504,回收利用,塑料颗粒生产，未指定，回收，正规部门,"plastic granulate production, unspecified, recycled, formal sector",塑料颗粒，未指定，再生,Cut-off,印度,kg,0.807943267500527,
46641631158394893,46641625617981455,41524144274399237,45219317082320901,26336156619740513,回收利用,废塑料处理，消费电子产品，手动拆解，分拣和清洁，非正规部门,"treatment of waste plastic, consumer electronics, manual dismantling, sorting and cleaning, informal sector",废塑料，消费电子产品，分拣后,Cut-off,印度,kg,0.0825481554888963,
46641631158394894,46641625617981455,41524144274399237,45219317082320901,26336156619794954,回收利用,"HiQ | 生产 | 废塑料处理, 预处理, 塑料清洗","HiQ | Production | Treatment of waste plastic, cleaning",废塑料,Cut-off,中国,kg,0.0831794512405592,
46641631158394895,46641625617981455,41524144274399237,45219317082320901,26336156619794982,回收利用,"HiQ | 生产 | 废塑料, 截断","HiQ | Production | Waste plastic, Recycled Content cut-off",废塑料,Cut-off,中国,kg,0,
46641631157870602,46641625617981446,41524144274399237,45219317091495953,26336156619722145,回收利用,含精炼的银金矿作业,silver-gold mine operation with refinery,银,Cut-off,世界其他地区,kg,555.642743617648,
46641631157870603,46641625617981446,41524144274399237,45219317091495953,26336156619723934,回收利用,含精炼厂的金银矿作业,gold-silver mine operation with refinery,银,Cut-off,世界其他地区,kg,183.119300781285,
46641631157870604,46641625617981446,41524144274399237,45219317091495953,26336156619724888,回收利用,含精炼厂的金银矿作业,gold-silver mine operation with refinery,银,Cut-off,"加拿大,魁北克",kg,319.332575638867,
46641631158132741,46641625617981446,41524144274399237,45219317091495953,26336156619725598,回收利用,金矿运营和提炼,gold mine operation and refining,银,Cut-off,瑞典,kg,152.915214101443,
46641631158132742,46641625617981446,41524144274399237,45219317091495953,26336156619732873,回收利用,含提取的金矿作业,gold mine operation with extraction,金-银，锭,Cut-off,秘鲁,kg,5728.10054849222,
46641631158132743,46641625617981446,41524144274399237,45219317091495953,26336156619738522,回收利用,含精炼的银金矿作业,silver-gold mine operation with refinery,银,Cut-off,智利,kg,481.102846946323,
46641631158132744,46641625617981446,41524144274399237,45219317091495953,26336156619741209,回收利用,含精炼厂的金银矿作业,gold-silver mine operation with refinery,银,Cut-off,巴布亚新几内亚,kg,410.365957314783,
46641631157870599,46641625617981445,41524144274399237,45219317089398799,26336156619724199,回收利用,电子废料处理，铜冶炼厂金属回收,"treatment of electronics scrap, metals recovery in copper smelter",铅,Cut-off,瑞典,kg,0.0186490460006337,
46641631157870600,46641625617981445,41524144274399237,45219317089398799,26336156619730142,回收利用,废铅酸蓄电池处理，重熔,"treatment of scrap lead acid battery, remelting",铅,Cut-off,欧洲,kg,0.380999692249756,
46641631157870601,46641625617981445,41524144274399237,45219317089398799,26336156619737794,回收利用,电子废料处理，铜冶炼厂金属回收,"treatment of electronics scrap, metals recovery in copper smelter",铅,Cut-off,世界其他地区,kg,0.0198496562232717,
46641631157870597,46641625617719319,41524144274399237,45219317089136653,26336156619724058,回收利用,用过的镍氢电池市场,market for used Ni-metal hydride battery,用过的镍氢电池,Cut-off,全球,kg,0.463121329831837,
46641631157870598,46641625617719319,41524144274399237,45219317089136653,26336156619726614,回收利用,用过的镍氢电池处理，火法冶金处理,"treatment of used Ni-metal hydride battery, pyrometallurgical treatment",用过的镍氢电池,Cut-off,全球,kg,0.424695693448407,
46641631158657044,46641625617719314,41524144274399237,45219317089923086,26336156619727175,回收利用,氯化钠生产，粉末,"sodium chloride production, powder",氯化钠，粉末,Cut-off,世界其他地区,kg,0.241234374995473,
46641631158919173,46641625617719314,41524144274399237,45219317089923086,26336156619730726,回收利用,氯化钠市场，粉末,"market for sodium chloride, powder",氯化钠，粉末,Cut-off,全球,kg,0.276302543597402,
46641631158919174,46641625617719314,41524144274399237,45219317089923086,26336156619733575,回收利用,氯化钠生产，粉末,"sodium chloride production, powder",氯化钠，粉末,Cut-off,欧洲,kg,0.146983015632959,
45745183535280133,45745183513260038,41524144274399237,44631727590723589,26336156619743591,回收利用,废聚对苯二甲酸乙二醇酯，用于回收，未分拣，回收截断,"waste polyethylene terephthalate, for recycling, unsorted, Recycled Content cut-off",废聚对苯二甲酸乙二醇酯，用于回收，未分拣,Cut-off,全球,kg,0,
45745183535280134,45745183513260038,41524144274399237,44631727590723589,26336156619794982,回收利用,"HiQ | 生产 | 废塑料, 截断","HiQ | Production | Waste plastic, Recycled Content cut-off",废塑料,Cut-off,中国,kg,0,
43273247548534800,43273247232913420,41524144274399237,42614633777717264,26336156619728133,回收利用,废弃塑料，消费电子产品，未分类市场,"market for waste plastic, consumer electronics, unsorted",废塑料，消费电子产品，未分拣,Cut-off,印度,kg,0.0308147121239652,
43273247548534801,43273247232913420,41524144274399237,42614633777717264,26336156619734143,回收利用,废塑料，消费电子产品，未分拣，回收截断,"waste plastic, consumer electronics, unsorted, Recycled Content cut-off",废塑料，消费电子产品，未分拣,Cut-off,全球,kg,0,
43273247548534802,43273247232913420,41524144274399237,42614633777717264,26336156619735514,回收利用,废弃塑料，消费电子产品，未分类市场,"market for waste plastic, consumer electronics, unsorted",废塑料，消费电子产品，未分拣,Cut-off,世界其他地区,kg,0.0296562209915286,
43273247548534803,43273247232913420,41524144274399237,42614633777717264,26336156619794982,回收利用,"HiQ | 生产 | 废塑料, 截断","HiQ | Production | Waste plastic, Recycled Content cut-off",废塑料,Cut-off,中国,kg,0,
43273247548534794,43273247232913419,41524144274399237,42474577609220113,26336156619726560,回收利用,废聚乙烯市场，用于回收，未分类,"market for waste polyethylene, for recycling, unsorted",废聚乙烯，用于回收，未分拣,Cut-off,欧洲（不包括瑞士）,kg,0.196486512106766,
43273247548534795,43273247232913419,41524144274399237,42474577609220113,26336156619732698,回收利用,废聚乙烯，用于回收，未分拣，回收截断,"waste polyethylene, for recycling, unsorted, Recycled Content cut-off",废聚乙烯，用于回收，未分拣,Cut-off,全球,kg,0,
43273247548534796,43273247232913419,41524144274399237,42474577609220113,26336156619734076,回收利用,废聚乙烯市场，用于回收，未分类,"market for waste polyethylene, for recycling, unsorted",废聚乙烯，用于回收，未分拣,Cut-off,瑞士,kg,0.150303149065838,
43273247548534797,43273247232913419,41524144274399237,42474577609220113,26336156619739309,回收利用,废聚乙烯市场，用于回收，未分类,"market for waste polyethylene, for recycling, unsorted",废聚乙烯，用于回收，未分拣,Cut-off,世界其他地区,kg,0.179355178231528,
43273247548534798,43273247232913419,41524144274399237,42474577609220113,26336156619744373,回收利用,废聚乙烯市场，用于回收，未分类,"market for waste polyethylene, for recycling, unsorted",废聚乙烯，用于回收，未分拣,Cut-off,美国,kg,0.194060182155711,
43273247548534799,43273247232913419,41524144274399237,42474577609220113,26336156619794982,回收利用,"HiQ | 生产 | 废塑料, 截断","HiQ | Production | Waste plastic, Recycled Content cut-off",废塑料,Cut-off,中国,kg,0,
43273247548534790,43273247232913418,41524144274399237,42474577543684101,26336156619721903,回收利用,废纸板，未分拣，回收截断,"waste paperboard, unsorted, Recycled Content cut-off",废纸板，未分拣,Cut-off,全球,kg,0,
43273247548534791,43273247232913418,41524144274399237,42474577543684101,26336156619722666,回收利用,废纸板市场，未分类,"market for waste paperboard, unsorted",废纸板，未分拣,Cut-off,世界其他地区,kg,0.0735066823982203,
43273247548534792,43273247232913418,41524144274399237,42474577543684101,26336156619729880,回收利用,废纸板市场，未分类,"market for waste paperboard, unsorted",废纸板，未分拣,Cut-off,瑞士,kg,0.0370368724210744,
43273247548534793,43273247232913418,41524144274399237,42474577543684101,26336156619735773,回收利用,废纸板市场，未分类,"market for waste paperboard, unsorted",废纸板，未分拣,Cut-off,欧洲（不包括瑞士）,kg,0.0453777888896613,
43273247548272661,43273247232913417,41524144274399237,42474577543421968,26336156619727174,回收利用,废纸市场，未分类,"market for waste paper, unsorted",废纸，未分拣,Cut-off,瑞士,kg,0.0362360800298653,
43273247548272662,43273247232913417,41524144274399237,42474577543421968,26336156619738852,回收利用,废纸市场，未分类,"market for waste paper, unsorted",废纸，未分拣,Cut-off,欧洲（不包括瑞士）,kg,0.0368663969689984,
43273247548272663,43273247232913417,41524144274399237,42474577543421968,26336156619744592,回收利用,废纸市场，未分类,"market for waste paper, unsorted",废纸，未分拣,Cut-off,世界其他地区,kg,0.0359587015890799,
43273247548534789,43273247232913417,41524144274399237,42474577543421968,26336156619744756,回收利用,废纸，未分拣，回收截断,"waste paper, unsorted, Recycled Content cut-off",废纸，未分拣,Cut-off,全球,kg,0,
43273247548010518,43273247232913416,41524144274399237,42474577543421960,26336156619722399,回收利用,废铁的分拣和压制,sorting and pressing of iron scrap,废铁，分拣、压制后,Cut-off,世界其他地区,kg,0.0309978225904355,
43273247547748372,43273247232913416,41524144274399237,42474577543421960,26336156619722854,回收利用,废铝处理，新，重熔厂,"treatment of aluminium scrap, new, at remelter",铝，锻造合金,Cut-off,欧洲,kg,0.544654829262745,
43273247548010519,43273247232913416,41524144274399237,42474577543421960,26336156619723387,回收利用,钢生产，电力，低合金,"steel production, electric, low-alloyed",钢，低合金,Cut-off,世界其他地区,kg,1.45906906968125,
43273247548272645,43273247232913416,41524144274399237,42474577543421960,26336156619723469,回收利用,钢生产，电力，铬钢18/8,"steel production, electric, chromium steel 18/8",钢，铬钢18/8,Cut-off,欧洲,kg,4.73534675430253,
43273247547748373,43273247232913416,41524144274399237,42474577543421960,26336156619724163,回收利用,废弃的铝料，新料，回收截断,"aluminium scrap, new, Recycled Content cut-off",废铝，新,Cut-off,全球,kg,0,
43273247547748374,43273247232913416,41524144274399237,42474577543421960,26336156619724175,回收利用,废铝处理，消费后，准备回收，精炼厂,"treatment of aluminium scrap, post-consumer, prepared for recycling, at refiner",铝，铸造合金,Cut-off,世界其他地区,kg,0.872213765869845,
43273247547748375,43273247232913416,41524144274399237,42474577543421960,26336156619724516,回收利用,废铝处理，新，精炼厂,"treatment of aluminium scrap, new, at refiner",铝，铸造合金,Cut-off,欧洲,kg,0.628182443407384,
43273247548010501,43273247232913416,41524144274399237,42474577543421960,26336156619724626,回收利用,废铝市场，新,"market for aluminium scrap, new",废铝，新,Cut-off,欧洲,kg,0.0357219696269327,
43273247548010502,43273247232913416,41524144274399237,42474577543421960,26336156619724760,回收利用,铝市场，锻造合金,"market for aluminium, wrought alloy",铝，锻造合金,Cut-off,全球,kg,13.932816417908,
43273247548272646,43273247232913416,41524144274399237,42474577543421960,26336156619724838,回收利用,废铁，分拣、压制后，回收截断,"iron scrap, sorted, pressed, Recycled Content cut-off",废铁，分拣、压制后,Cut-off,全球,kg,0,
43273247548272647,43273247232913416,41524144274399237,42474577543421960,26336156619730541,回收利用,钢生产，电力，低合金,"steel production, electric, low-alloyed",钢，低合金,Cut-off,欧洲（不包括瑞士和奥地利）,kg,0.537454436233465,
43273247548010503,43273247232913416,41524144274399237,42474577543421960,26336156619730824,回收利用,废铝处理，消费后，准备回收，精炼厂,"treatment of aluminium scrap, post-consumer, prepared for recycling, at refiner",铝，铸造合金,Cut-off,欧洲,kg,0.898733632448616,
43273247548010504,43273247232913416,41524144274399237,42474577543421960,26336156619731803,回收利用,废铝市场，消费后,"market for aluminium scrap, post-consumer",废铝，消费后,Cut-off,全球,kg,0.0384256363834301,
43273247548010505,43273247232913416,41524144274399237,42474577543421960,26336156619731852,回收利用,废弃后消费铝材，回收截断,"aluminium scrap, post-consumer, Recycled Content cut-off",废铝，消费后,Cut-off,全球,kg,0,
43273247548272648,43273247232913416,41524144274399237,42474577543421960,26336156619731988,回收利用,钢生产，电力，低合金,"steel production, electric, low-alloyed",钢，低合金,Cut-off,印度,kg,3.06660968995764,
43273247548272649,43273247232913416,41524144274399237,42474577543421960,26336156619731995,回收利用,钢生产，电力，铬钢18/8,"steel production, electric, chromium steel 18/8",钢，铬钢18/8,Cut-off,世界其他地区,kg,5.11457562419121,
43273247548272650,43273247232913416,41524144274399237,42474577543421960,26336156619734515,回收利用,废铁市场，分类，压制,"market for iron scrap, sorted, pressed",废铁，分拣、压制后,Cut-off,欧洲,kg,0.0367142629458807,
43273247548272651,43273247232913416,41524144274399237,42474577543421960,26336156619734586,回收利用,钢生产，电力，低合金,"steel production, electric, low-alloyed",钢，低合金,Cut-off,"加拿大,魁北克",kg,0.842053582589081,
43273247548010506,43273247232913416,41524144274399237,42474577543421960,26336156619736545,回收利用,废铝处理，新，重熔厂,"treatment of aluminium scrap, new, at remelter",铝，锻造合金,Cut-off,世界其他地区,kg,0.571235516620177,
43273247548272652,43273247232913416,41524144274399237,42474577543421960,26336156619736852,回收利用,废铁市场，分类，压制,"market for iron scrap, sorted, pressed",废铁，分拣、压制后,Cut-off,世界其他地区,kg,0.0697467957100147,
43273247548272653,43273247232913416,41524144274399237,42474577543421960,26336156619737017,回收利用,钢生产，电力，低合金,"steel production, electric, low-alloyed",钢，低合金,Cut-off,奥地利,kg,0.316456462542291,
43273247548272654,43273247232913416,41524144274399237,42474577543421960,26336156619737029,回收利用,废铁，未分拣，回收截断,"iron scrap, unsorted, Recycled Content cut-off",废铁，未分拣,Cut-off,全球,kg,0,
43273247548010507,43273247232913416,41524144274399237,42474577543421960,26336156619740393,回收利用,废铝市场，新,"market for aluminium scrap, new",废铝，新,Cut-off,世界其他地区,kg,0.0384556761890589,
43273247548272655,43273247232913416,41524144274399237,42474577543421960,26336156619741465,回收利用,废铁的分拣和压制,sorting and pressing of iron scrap,废铁，分拣、压制后,Cut-off,欧洲,kg,0.0262057742902889,
43273247548272656,43273247232913416,41524144274399237,42474577543421960,26336156619742819,回收利用,废铁市场，未分类的,"market for iron scrap, unsorted",废铁，未分拣,Cut-off,全球,kg,0.00352310565774756,
43273247548010508,43273247232913416,41524144274399237,42474577543421960,26336156619743077,回收利用,废铝处理，新，精炼厂,"treatment of aluminium scrap, new, at refiner",铝，铸造合金,Cut-off,世界其他地区,kg,0.604478910281425,
43273247548272657,43273247232913416,41524144274399237,42474577543421960,26336156619743170,回收利用,钢生产，电力，低合金,"steel production, electric, low-alloyed",钢，低合金,Cut-off,瑞士,kg,0.393724360451309,
43273247548010509,43273247232913416,41524144274399237,42474577543421960,26336156619743481,回收利用,消费后铝废料，准备熔化，回收截断,"aluminium scrap, post-consumer, prepared for melting, Recycled Content cut-off",废铝，消费后，准备熔化,Cut-off,全球,kg,0,
43273247548010510,43273247232913416,41524144274399237,42474577543421960,26336156619743483,回收利用,铝市场，铸造合金,"market for aluminium, cast alloy",铝，铸造合金,Cut-off,全球,kg,5.73200823954466,
43273247548010511,43273247232913416,41524144274399237,42474577543421960,26336156619743898,回收利用,废铝处理，消费后，准备回收，重熔厂,"treatment of aluminium scrap, post-consumer, prepared for recycling, at remelter",铝，锻造合金,Cut-off,欧洲,kg,0.809626712410119,
43273247548010512,43273247232913416,41524144274399237,42474577543421960,26336156619744616,回收利用,废铝处理，消费后，准备回收，重熔厂,"treatment of aluminium scrap, post-consumer, prepared for recycling, at remelter",铝，锻造合金,Cut-off,世界其他地区,kg,0.833449144735639,
43273247548010513,43273247232913416,41524144274399237,42474577543421960,26336156619794956,回收利用,"HiQ | 生产 | 铝锭, 废铝回收, 再生","HiQ | Production | Aluminum ingot, aluminum scrap recycling, regeneration",铝锭,Cut-off,中国,kg,2.4670190480658,
43273247548272658,43273247232913416,41524144274399237,42474577543421960,26336156619794957,回收利用,"HiQ | 生产 | 废钢, 再生利用, 分拣","HiQ | Production | Steel scrap, recycling, sorting",废钢，分拣后,Cut-off,中国,kg,0.0111458340353522,
43273247548272659,43273247232913416,41524144274399237,42474577543421960,26336156619794958,回收利用,"HiQ | 生产 | 粗钢, 废钢回收, 电炉炼钢, 再生","HiQ | Production | Crude steel, steel scrap recycling, electric furnace steelmaking, regeneration",粗钢（全电炉）,Cut-off,中国,kg,0.606850389950828,
43273247548272660,43273247232913416,41524144274399237,42474577543421960,26336156619794984,回收利用,"HiQ | 生产 | 废钢, 截断","HiQ | Production | Steel scrap, Recycled Content cut-off",废钢,Cut-off,中国,kg,0,
43273247548010514,43273247232913416,41524144274399237,42474577543421960,26336156619795549,回收利用,"HiQ | 市场 | 硅铝合金, 废铝回收, 再生","HiQ | Market | Silicon aluminum alloy, scrap aluminum recycling, regeneration",铝锭,Cut-off,中国,kg,0.446612174919361,
43273247548010515,43273247232913416,41524144274399237,42474577543421960,26336156619795559,回收利用,"HiQ | 市场 | 铝锭, 未锻造, 废铝回收, 再生","HiQ | Market | Aluminum ingot, unforged, scrap aluminum recycling, regeneration",铝锭,Cut-off,中国,kg,0.614486304114207,
43273247548010516,43273247232913416,41524144274399237,42474577543421960,26336156619795686,回收利用,"HiQ | 生产 | 铝锭, 未锻造, 废铝回收, 再生","HiQ | Production | Aluminum ingot, unforged, scrap aluminum recycling, regeneration",铝锭,Cut-off,中国,kg,0.589735699446534,
43273247548010517,43273247232913416,41524144274399237,42474577543421960,26336156619795775,回收利用,"HiQ | 生产 | 硅铝合金, 废铝回收, 再生","HiQ | Production | Silicon aluminum alloy, scrap aluminum recycling, regeneration",铝锭,Cut-off,中国,kg,0.421861570241107,
43273247547748366,43273247232913415,41524144274399237,42474577543421957,26336156619729386,回收利用,废聚对苯二甲酸乙二醇酯市场，用于回收，未分类,"market for waste polyethylene terephthalate, for recycling, unsorted",废聚对苯二甲酸乙二醇酯，用于回收，未分拣,Cut-off,美国,kg,0.200026823798895,
43273247547748367,43273247232913415,41524144274399237,42474577543421957,26336156619731546,回收利用,废聚对苯二甲酸乙二醇酯市场，用于回收，未分类,"market for waste polyethylene terephthalate, for recycling, unsorted",废聚对苯二甲酸乙二醇酯，用于回收，未分拣,Cut-off,瑞士,kg,0.160090070299071,
43273247547748368,43273247232913415,41524144274399237,42474577543421957,26336156619737704,回收利用,废聚对苯二甲酸乙二醇酯市场，用于回收，未分类,"market for waste polyethylene terephthalate, for recycling, unsorted",废聚对苯二甲酸乙二醇酯，用于回收，未分拣,Cut-off,世界其他地区,kg,0.194694803614462,
43273247547748369,43273247232913415,41524144274399237,42474577543421957,26336156619743591,回收利用,废聚对苯二甲酸乙二醇酯，用于回收，未分拣，回收截断,"waste polyethylene terephthalate, for recycling, unsorted, Recycled Content cut-off",废聚对苯二甲酸乙二醇酯，用于回收，未分拣,Cut-off,全球,kg,0,
43273247547748370,43273247232913415,41524144274399237,42474577543421957,26336156619744587,回收利用,废聚对苯二甲酸乙二醇酯市场，用于回收，未分类,"market for waste polyethylene terephthalate, for recycling, unsorted",废聚对苯二甲酸乙二醇酯，用于回收，未分拣,Cut-off,欧洲（不包括瑞士）,kg,0.212587645752524,
43273247547748371,43273247232913415,41524144274399237,42474577543421957,26336156619794982,回收利用,"HiQ | 生产 | 废塑料, 截断","HiQ | Production | Waste plastic, Recycled Content cut-off",废塑料,Cut-off,中国,kg,0,
43273247547486220,43273247232913414,41524144274399237,42474577543159823,26336156619722854,回收利用,废铝处理，新，重熔厂,"treatment of aluminium scrap, new, at remelter",铝，锻造合金,Cut-off,欧洲,kg,0.544654829262745,
43273247547486221,43273247232913414,41524144274399237,42474577543159823,26336156619724163,回收利用,废弃的铝料，新料，回收截断,"aluminium scrap, new, Recycled Content cut-off",废铝，新,Cut-off,全球,kg,0,
43273247547486222,43273247232913414,41524144274399237,42474577543159823,26336156619724175,回收利用,废铝处理，消费后，准备回收，精炼厂,"treatment of aluminium scrap, post-consumer, prepared for recycling, at refiner",铝，铸造合金,Cut-off,世界其他地区,kg,0.872213765869845,
43273247547486223,43273247232913414,41524144274399237,42474577543159823,26336156619724516,回收利用,废铝处理，新，精炼厂,"treatment of aluminium scrap, new, at refiner",铝，铸造合金,Cut-off,欧洲,kg,0.628182443407384,
43273247547486224,43273247232913414,41524144274399237,42474577543159823,26336156619724626,回收利用,废铝市场，新,"market for aluminium scrap, new",废铝，新,Cut-off,欧洲,kg,0.0357219696269327,
43273247547486225,43273247232913414,41524144274399237,42474577543159823,26336156619724760,回收利用,铝市场，锻造合金,"market for aluminium, wrought alloy",铝，锻造合金,Cut-off,全球,kg,13.932816417908,
43273247547486226,43273247232913414,41524144274399237,42474577543159823,26336156619730824,回收利用,废铝处理，消费后，准备回收，精炼厂,"treatment of aluminium scrap, post-consumer, prepared for recycling, at refiner",铝，铸造合金,Cut-off,欧洲,kg,0.898733632448616,
43273247547486227,43273247232913414,41524144274399237,42474577543159823,26336156619731803,回收利用,废铝市场，消费后,"market for aluminium scrap, post-consumer",废铝，消费后,Cut-off,全球,kg,0.0384256363834301,
43273247547486228,43273247232913414,41524144274399237,42474577543159823,26336156619731852,回收利用,废弃后消费铝材，回收截断,"aluminium scrap, post-consumer, Recycled Content cut-off",废铝，消费后,Cut-off,全球,kg,0,
43273247547486229,43273247232913414,41524144274399237,42474577543159823,26336156619736545,回收利用,废铝处理，新，重熔厂,"treatment of aluminium scrap, new, at remelter",铝，锻造合金,Cut-off,世界其他地区,kg,0.571235516620177,
43273247547486230,43273247232913414,41524144274399237,42474577543159823,26336156619740393,回收利用,废铝市场，新,"market for aluminium scrap, new",废铝，新,Cut-off,世界其他地区,kg,0.0384556761890589,
43273247547486231,43273247232913414,41524144274399237,42474577543159823,26336156619743077,回收利用,废铝处理，新，精炼厂,"treatment of aluminium scrap, new, at refiner",铝，铸造合金,Cut-off,世界其他地区,kg,0.604478910281425,
43273247547748357,43273247232913414,41524144274399237,42474577543159823,26336156619743481,回收利用,消费后铝废料，准备熔化，回收截断,"aluminium scrap, post-consumer, prepared for melting, Recycled Content cut-off",废铝，消费后，准备熔化,Cut-off,全球,kg,0,
43273247547748358,43273247232913414,41524144274399237,42474577543159823,26336156619743483,回收利用,铝市场，铸造合金,"market for aluminium, cast alloy",铝，铸造合金,Cut-off,全球,kg,5.73200823954466,
43273247547748359,43273247232913414,41524144274399237,42474577543159823,26336156619743898,回收利用,废铝处理，消费后，准备回收，重熔厂,"treatment of aluminium scrap, post-consumer, prepared for recycling, at remelter",铝，锻造合金,Cut-off,欧洲,kg,0.809626712410119,
43273247547748360,43273247232913414,41524144274399237,42474577543159823,26336156619744616,回收利用,废铝处理，消费后，准备回收，重熔厂,"treatment of aluminium scrap, post-consumer, prepared for recycling, at remelter",铝，锻造合金,Cut-off,世界其他地区,kg,0.833449144735639,
43273247547748361,43273247232913414,41524144274399237,42474577543159823,26336156619794956,回收利用,"HiQ | 生产 | 铝锭, 废铝回收, 再生","HiQ | Production | Aluminum ingot, aluminum scrap recycling, regeneration",铝锭,Cut-off,中国,kg,2.4670190480658,
43273247547748362,43273247232913414,41524144274399237,42474577543159823,26336156619795549,回收利用,"HiQ | 市场 | 硅铝合金, 废铝回收, 再生","HiQ | Market | Silicon aluminum alloy, scrap aluminum recycling, regeneration",铝锭,Cut-off,中国,kg,0.446612174919361,
43273247547748363,43273247232913414,41524144274399237,42474577543159823,26336156619795559,回收利用,"HiQ | 市场 | 铝锭, 未锻造, 废铝回收, 再生","HiQ | Market | Aluminum ingot, unforged, scrap aluminum recycling, regeneration",铝锭,Cut-off,中国,kg,0.614486304114207,
43273247547748364,43273247232913414,41524144274399237,42474577543159823,26336156619795686,回收利用,"HiQ | 生产 | 铝锭, 未锻造, 废铝回收, 再生","HiQ | Production | Aluminum ingot, unforged, scrap aluminum recycling, regeneration",铝锭,Cut-off,中国,kg,0.589735699446534,
43273247547748365,43273247232913414,41524144274399237,42474577543159823,26336156619795775,回收利用,"HiQ | 生产 | 硅铝合金, 废铝回收, 再生","HiQ | Production | Silicon aluminum alloy, scrap aluminum recycling, regeneration",铝锭,Cut-off,中国,kg,0.421861570241107,
43273247547486216,43273247232913413,41524144274399237,42474577542635531,26336156619727174,回收利用,废纸市场，未分类,"market for waste paper, unsorted",废纸，未分拣,Cut-off,瑞士,kg,0.0362360800298653,
43273247547486217,43273247232913413,41524144274399237,42474577542635531,26336156619738852,回收利用,废纸市场，未分类,"market for waste paper, unsorted",废纸，未分拣,Cut-off,欧洲（不包括瑞士）,kg,0.0368663969689984,
43273247547486218,43273247232913413,41524144274399237,42474577542635531,26336156619744592,回收利用,废纸市场，未分类,"market for waste paper, unsorted",废纸，未分拣,Cut-off,世界其他地区,kg,0.0359587015890799,
43273247547486219,43273247232913413,41524144274399237,42474577542635531,26336156619744756,回收利用,废纸，未分拣，回收截断,"waste paper, unsorted, Recycled Content cut-off",废纸，未分拣,Cut-off,全球,kg,0,
43273247547486213,43273247232651280,41524144274399237,43272158162481157,26336156619725111,回收利用,废木材市场，消费后,"market for waste wood, post-consumer",废木材，消费后,Cut-off,欧洲,kg,0.0100837164363253,
43273247547486214,43273247232651280,41524144274399237,43272158162481157,26336156619735683,回收利用,废木材，消费后，回收截断,"waste wood, post-consumer, Recycled Content cut-off",废木材，消费后,Cut-off,全球,kg,0,
43273247547486215,43273247232651280,41524144274399237,43272158162481157,26336156619740706,回收利用,废木材市场，消费后,"market for waste wood, post-consumer",废木材，消费后,Cut-off,世界其他地区,kg,0.0352235708778222,
43273247547224083,43273247232651279,41524144274399237,42474577542373391,26336156619726560,回收利用,废聚乙烯市场，用于回收，未分类,"market for waste polyethylene, for recycling, unsorted",废聚乙烯，用于回收，未分拣,Cut-off,欧洲（不包括瑞士）,kg,0.196486512106766,
43273247547224084,43273247232651279,41524144274399237,42474577542373391,26336156619732698,回收利用,废聚乙烯，用于回收，未分拣，回收截断,"waste polyethylene, for recycling, unsorted, Recycled Content cut-off",废聚乙烯，用于回收，未分拣,Cut-off,全球,kg,0,
43273247547224085,43273247232651279,41524144274399237,42474577542373391,26336156619734076,回收利用,废聚乙烯市场，用于回收，未分类,"market for waste polyethylene, for recycling, unsorted",废聚乙烯，用于回收，未分拣,Cut-off,瑞士,kg,0.150303149065838,
43273247547224086,43273247232651279,41524144274399237,42474577542373391,26336156619739309,回收利用,废聚乙烯市场，用于回收，未分类,"market for waste polyethylene, for recycling, unsorted",废聚乙烯，用于回收，未分拣,Cut-off,世界其他地区,kg,0.179355178231528,
43273247547224087,43273247232651279,41524144274399237,42474577542373391,26336156619744373,回收利用,废聚乙烯市场，用于回收，未分类,"market for waste polyethylene, for recycling, unsorted",废聚乙烯，用于回收，未分拣,Cut-off,美国,kg,0.194060182155711,
43273247547224088,43273247232651279,41524144274399237,42474577542373391,26336156619794982,回收利用,"HiQ | 生产 | 废塑料, 截断","HiQ | Production | Waste plastic, Recycled Content cut-off",废塑料,Cut-off,中国,kg,0,
43273247546961937,43273247232651278,41524144274399237,42474577542373388,26336156619722854,回收利用,废铝处理，新，重熔厂,"treatment of aluminium scrap, new, at remelter",铝，锻造合金,Cut-off,欧洲,kg,0.544654829262745,
43273247546961938,43273247232651278,41524144274399237,42474577542373388,26336156619724163,回收利用,废弃的铝料，新料，回收截断,"aluminium scrap, new, Recycled Content cut-off",废铝，新,Cut-off,全球,kg,0,
43273247546961939,43273247232651278,41524144274399237,42474577542373388,26336156619724175,回收利用,废铝处理，消费后，准备回收，精炼厂,"treatment of aluminium scrap, post-consumer, prepared for recycling, at refiner",铝，铸造合金,Cut-off,世界其他地区,kg,0.872213765869845,
43273247546961940,43273247232651278,41524144274399237,42474577542373388,26336156619724516,回收利用,废铝处理，新，精炼厂,"treatment of aluminium scrap, new, at refiner",铝，铸造合金,Cut-off,欧洲,kg,0.628182443407384,
43273247546961941,43273247232651278,41524144274399237,42474577542373388,26336156619724626,回收利用,废铝市场，新,"market for aluminium scrap, new",废铝，新,Cut-off,欧洲,kg,0.0357219696269327,
43273247546961942,43273247232651278,41524144274399237,42474577542373388,26336156619724760,回收利用,铝市场，锻造合金,"market for aluminium, wrought alloy",铝，锻造合金,Cut-off,全球,kg,13.932816417908,
43273247546961943,43273247232651278,41524144274399237,42474577542373388,26336156619730824,回收利用,废铝处理，消费后，准备回收，精炼厂,"treatment of aluminium scrap, post-consumer, prepared for recycling, at refiner",铝，铸造合金,Cut-off,欧洲,kg,0.898733632448616,
43273247547224069,43273247232651278,41524144274399237,42474577542373388,26336156619731803,回收利用,废铝市场，消费后,"market for aluminium scrap, post-consumer",废铝，消费后,Cut-off,全球,kg,0.0384256363834301,
43273247547224070,43273247232651278,41524144274399237,42474577542373388,26336156619731852,回收利用,废弃后消费铝材，回收截断,"aluminium scrap, post-consumer, Recycled Content cut-off",废铝，消费后,Cut-off,全球,kg,0,
43273247547224071,43273247232651278,41524144274399237,42474577542373388,26336156619736545,回收利用,废铝处理，新，重熔厂,"treatment of aluminium scrap, new, at remelter",铝，锻造合金,Cut-off,世界其他地区,kg,0.571235516620177,
43273247547224072,43273247232651278,41524144274399237,42474577542373388,26336156619740393,回收利用,废铝市场，新,"market for aluminium scrap, new",废铝，新,Cut-off,世界其他地区,kg,0.0384556761890589,
43273247547224073,43273247232651278,41524144274399237,42474577542373388,26336156619743077,回收利用,废铝处理，新，精炼厂,"treatment of aluminium scrap, new, at refiner",铝，铸造合金,Cut-off,世界其他地区,kg,0.604478910281425,
43273247547224074,43273247232651278,41524144274399237,42474577542373388,26336156619743481,回收利用,消费后铝废料，准备熔化，回收截断,"aluminium scrap, post-consumer, prepared for melting, Recycled Content cut-off",废铝，消费后，准备熔化,Cut-off,全球,kg,0,
43273247547224075,43273247232651278,41524144274399237,42474577542373388,26336156619743483,回收利用,铝市场，铸造合金,"market for aluminium, cast alloy",铝，铸造合金,Cut-off,全球,kg,5.73200823954466,
43273247547224076,43273247232651278,41524144274399237,42474577542373388,26336156619743898,回收利用,废铝处理，消费后，准备回收，重熔厂,"treatment of aluminium scrap, post-consumer, prepared for recycling, at remelter",铝，锻造合金,Cut-off,欧洲,kg,0.809626712410119,
43273247547224077,43273247232651278,41524144274399237,42474577542373388,26336156619744616,回收利用,废铝处理，消费后，准备回收，重熔厂,"treatment of aluminium scrap, post-consumer, prepared for recycling, at remelter",铝，锻造合金,Cut-off,世界其他地区,kg,0.833449144735639,
43273247547224078,43273247232651278,41524144274399237,42474577542373388,26336156619794956,回收利用,"HiQ | 生产 | 铝锭, 废铝回收, 再生","HiQ | Production | Aluminum ingot, aluminum scrap recycling, regeneration",铝锭,Cut-off,中国,kg,2.4670190480658,
43273247547224079,43273247232651278,41524144274399237,42474577542373388,26336156619795549,回收利用,"HiQ | 市场 | 硅铝合金, 废铝回收, 再生","HiQ | Market | Silicon aluminum alloy, scrap aluminum recycling, regeneration",铝锭,Cut-off,中国,kg,0.446612174919361,
43273247547224080,43273247232651278,41524144274399237,42474577542373388,26336156619795559,回收利用,"HiQ | 市场 | 铝锭, 未锻造, 废铝回收, 再生","HiQ | Market | Aluminum ingot, unforged, scrap aluminum recycling, regeneration",铝锭,Cut-off,中国,kg,0.614486304114207,
43273247547224081,43273247232651278,41524144274399237,42474577542373388,26336156619795686,回收利用,"HiQ | 生产 | 铝锭, 未锻造, 废铝回收, 再生","HiQ | Production | Aluminum ingot, unforged, scrap aluminum recycling, regeneration",铝锭,Cut-off,中国,kg,0.589735699446534,
43273247547224082,43273247232651278,41524144274399237,42474577542373388,26336156619795775,回收利用,"HiQ | 生产 | 硅铝合金, 废铝回收, 再生","HiQ | Production | Silicon aluminum alloy, scrap aluminum recycling, regeneration",铝锭,Cut-off,中国,kg,0.421861570241107,
43273247546961931,43273247232651277,41524144274399237,42474577541849101,26336156619729386,回收利用,废聚对苯二甲酸乙二醇酯市场，用于回收，未分类,"market for waste polyethylene terephthalate, for recycling, unsorted",废聚对苯二甲酸乙二醇酯，用于回收，未分拣,Cut-off,美国,kg,0.200026823798895,
43273247546961932,43273247232651277,41524144274399237,42474577541849101,26336156619731546,回收利用,废聚对苯二甲酸乙二醇酯市场，用于回收，未分类,"market for waste polyethylene terephthalate, for recycling, unsorted",废聚对苯二甲酸乙二醇酯，用于回收，未分拣,Cut-off,瑞士,kg,0.160090070299071,
43273247546961933,43273247232651277,41524144274399237,42474577541849101,26336156619737704,回收利用,废聚对苯二甲酸乙二醇酯市场，用于回收，未分类,"market for waste polyethylene terephthalate, for recycling, unsorted",废聚对苯二甲酸乙二醇酯，用于回收，未分拣,Cut-off,世界其他地区,kg,0.194694803614462,
43273247546961934,43273247232651277,41524144274399237,42474577541849101,26336156619743591,回收利用,废聚对苯二甲酸乙二醇酯，用于回收，未分拣，回收截断,"waste polyethylene terephthalate, for recycling, unsorted, Recycled Content cut-off",废聚对苯二甲酸乙二醇酯，用于回收，未分拣,Cut-off,全球,kg,0,
43273247546961935,43273247232651277,41524144274399237,42474577541849101,26336156619744587,回收利用,废聚对苯二甲酸乙二醇酯市场，用于回收，未分类,"market for waste polyethylene terephthalate, for recycling, unsorted",废聚对苯二甲酸乙二醇酯，用于回收，未分拣,Cut-off,欧洲（不包括瑞士）,kg,0.212587645752524,
43273247546961936,43273247232651277,41524144274399237,42474577541849101,26336156619794982,回收利用,"HiQ | 生产 | 废塑料, 截断","HiQ | Production | Waste plastic, Recycled Content cut-off",废塑料,Cut-off,中国,kg,0,
43273247546961925,43273247232651276,41524144274399237,42474577541324805,26336156619729386,回收利用,废聚对苯二甲酸乙二醇酯市场，用于回收，未分类,"market for waste polyethylene terephthalate, for recycling, unsorted",废聚对苯二甲酸乙二醇酯，用于回收，未分拣,Cut-off,美国,kg,0.200026823798895,
43273247546961926,43273247232651276,41524144274399237,42474577541324805,26336156619731546,回收利用,废聚对苯二甲酸乙二醇酯市场，用于回收，未分类,"market for waste polyethylene terephthalate, for recycling, unsorted",废聚对苯二甲酸乙二醇酯，用于回收，未分拣,Cut-off,瑞士,kg,0.160090070299071,
43273247546961927,43273247232651276,41524144274399237,42474577541324805,26336156619737704,回收利用,废聚对苯二甲酸乙二醇酯市场，用于回收，未分类,"market for waste polyethylene terephthalate, for recycling, unsorted",废聚对苯二甲酸乙二醇酯，用于回收，未分拣,Cut-off,世界其他地区,kg,0.194694803614462,
43273247546961928,43273247232651276,41524144274399237,42474577541324805,26336156619743591,回收利用,废聚对苯二甲酸乙二醇酯，用于回收，未分拣，回收截断,"waste polyethylene terephthalate, for recycling, unsorted, Recycled Content cut-off",废聚对苯二甲酸乙二醇酯，用于回收，未分拣,Cut-off,全球,kg,0,
43273247546961929,43273247232651276,41524144274399237,42474577541324805,26336156619744587,回收利用,废聚对苯二甲酸乙二醇酯市场，用于回收，未分类,"market for waste polyethylene terephthalate, for recycling, unsorted",废聚对苯二甲酸乙二醇酯，用于回收，未分拣,Cut-off,欧洲（不包括瑞士）,kg,0.212587645752524,
43273247546961930,43273247232651276,41524144274399237,42474577541324805,26336156619794982,回收利用,"HiQ | 生产 | 废塑料, 截断","HiQ | Production | Waste plastic, Recycled Content cut-off",废塑料,Cut-off,中国,kg,0,
43273247546699794,43273247232651275,41524144274399237,42474577541062671,26336156619726560,回收利用,废聚乙烯市场，用于回收，未分类,"market for waste polyethylene, for recycling, unsorted",废聚乙烯，用于回收，未分拣,Cut-off,欧洲（不包括瑞士）,kg,0.196486512106766,
43273247546699795,43273247232651275,41524144274399237,42474577541062671,26336156619732698,回收利用,废聚乙烯，用于回收，未分拣，回收截断,"waste polyethylene, for recycling, unsorted, Recycled Content cut-off",废聚乙烯，用于回收，未分拣,Cut-off,全球,kg,0,
43273247546699796,43273247232651275,41524144274399237,42474577541062671,26336156619734076,回收利用,废聚乙烯市场，用于回收，未分类,"market for waste polyethylene, for recycling, unsorted",废聚乙烯，用于回收，未分拣,Cut-off,瑞士,kg,0.150303149065838,
43273247546699797,43273247232651275,41524144274399237,42474577541062671,26336156619739309,回收利用,废聚乙烯市场，用于回收，未分类,"market for waste polyethylene, for recycling, unsorted",废聚乙烯，用于回收，未分拣,Cut-off,世界其他地区,kg,0.179355178231528,
43273247546699798,43273247232651275,41524144274399237,42474577541062671,26336156619744373,回收利用,废聚乙烯市场，用于回收，未分类,"market for waste polyethylene, for recycling, unsorted",废聚乙烯，用于回收，未分拣,Cut-off,美国,kg,0.194060182155711,
43273247546699799,43273247232651275,41524144274399237,42474577541062671,26336156619794982,回收利用,"HiQ | 生产 | 废塑料, 截断","HiQ | Production | Waste plastic, Recycled Content cut-off",废塑料,Cut-off,中国,kg,0,
43273247546699790,43273247232651274,41524144274399237,42474577541062668,26336156619728133,回收利用,废弃塑料，消费电子产品，未分类市场,"market for waste plastic, consumer electronics, unsorted",废塑料，消费电子产品，未分拣,Cut-off,印度,kg,0.0308147121239652,
43273247546699791,43273247232651274,41524144274399237,42474577541062668,26336156619734143,回收利用,废塑料，消费电子产品，未分拣，回收截断,"waste plastic, consumer electronics, unsorted, Recycled Content cut-off",废塑料，消费电子产品，未分拣,Cut-off,全球,kg,0,
43273247546699792,43273247232651274,41524144274399237,42474577541062668,26336156619735514,回收利用,废弃塑料，消费电子产品，未分类市场,"market for waste plastic, consumer electronics, unsorted",废塑料，消费电子产品，未分拣,Cut-off,世界其他地区,kg,0.0296562209915286,
43273247546699793,43273247232651274,41524144274399237,42474577541062668,26336156619794982,回收利用,"HiQ | 生产 | 废塑料, 截断","HiQ | Production | Waste plastic, Recycled Content cut-off",废塑料,Cut-off,中国,kg,0,
43273247546699786,43273247232651273,41524144274399237,42474577541062665,26336156619728133,回收利用,废弃塑料，消费电子产品，未分类市场,"market for waste plastic, consumer electronics, unsorted",废塑料，消费电子产品，未分拣,Cut-off,印度,kg,0.0308147121239652,
43273247546699787,43273247232651273,41524144274399237,42474577541062665,26336156619734143,回收利用,废塑料，消费电子产品，未分拣，回收截断,"waste plastic, consumer electronics, unsorted, Recycled Content cut-off",废塑料，消费电子产品，未分拣,Cut-off,全球,kg,0,
43273247546699788,43273247232651273,41524144274399237,42474577541062665,26336156619735514,回收利用,废弃塑料，消费电子产品，未分类市场,"market for waste plastic, consumer electronics, unsorted",废塑料，消费电子产品，未分拣,Cut-off,世界其他地区,kg,0.0296562209915286,
43273247546699789,43273247232651273,41524144274399237,42474577541062665,26336156619794982,回收利用,"HiQ | 生产 | 废塑料, 截断","HiQ | Production | Waste plastic, Recycled Content cut-off",废塑料,Cut-off,中国,kg,0,
43273247546437656,43273247232651272,41524144274399237,42474577541062662,26336156619729386,回收利用,废聚对苯二甲酸乙二醇酯市场，用于回收，未分类,"market for waste polyethylene terephthalate, for recycling, unsorted",废聚对苯二甲酸乙二醇酯，用于回收，未分拣,Cut-off,美国,kg,0.200026823798895,
43273247546699781,43273247232651272,41524144274399237,42474577541062662,26336156619731546,回收利用,废聚对苯二甲酸乙二醇酯市场，用于回收，未分类,"market for waste polyethylene terephthalate, for recycling, unsorted",废聚对苯二甲酸乙二醇酯，用于回收，未分拣,Cut-off,瑞士,kg,0.160090070299071,
43273247546699782,43273247232651272,41524144274399237,42474577541062662,26336156619737704,回收利用,废聚对苯二甲酸乙二醇酯市场，用于回收，未分类,"market for waste polyethylene terephthalate, for recycling, unsorted",废聚对苯二甲酸乙二醇酯，用于回收，未分拣,Cut-off,世界其他地区,kg,0.194694803614462,
43273247546699783,43273247232651272,41524144274399237,42474577541062662,26336156619743591,回收利用,废聚对苯二甲酸乙二醇酯，用于回收，未分拣，回收截断,"waste polyethylene terephthalate, for recycling, unsorted, Recycled Content cut-off",废聚对苯二甲酸乙二醇酯，用于回收，未分拣,Cut-off,全球,kg,0,
43273247546699784,43273247232651272,41524144274399237,42474577541062662,26336156619744587,回收利用,废聚对苯二甲酸乙二醇酯市场，用于回收，未分类,"market for waste polyethylene terephthalate, for recycling, unsorted",废聚对苯二甲酸乙二醇酯，用于回收，未分拣,Cut-off,欧洲（不包括瑞士）,kg,0.212587645752524,
43273247546699785,43273247232651272,41524144274399237,42474577541062662,26336156619794982,回收利用,"HiQ | 生产 | 废塑料, 截断","HiQ | Production | Waste plastic, Recycled Content cut-off",废塑料,Cut-off,中国,kg,0,
43273247546437652,43273247232651271,41524144274399237,42474577540800528,26336156619728133,回收利用,废弃塑料，消费电子产品，未分类市场,"market for waste plastic, consumer electronics, unsorted",废塑料，消费电子产品，未分拣,Cut-off,印度,kg,0.0308147121239652,
43273247546437653,43273247232651271,41524144274399237,42474577540800528,26336156619734143,回收利用,废塑料，消费电子产品，未分拣，回收截断,"waste plastic, consumer electronics, unsorted, Recycled Content cut-off",废塑料，消费电子产品，未分拣,Cut-off,全球,kg,0,
43273247546437654,43273247232651271,41524144274399237,42474577540800528,26336156619735514,回收利用,废弃塑料，消费电子产品，未分类市场,"market for waste plastic, consumer electronics, unsorted",废塑料，消费电子产品，未分拣,Cut-off,世界其他地区,kg,0.0296562209915286,
43273247546437655,43273247232651271,41524144274399237,42474577540800528,26336156619794982,回收利用,"HiQ | 生产 | 废塑料, 截断","HiQ | Production | Waste plastic, Recycled Content cut-off",废塑料,Cut-off,中国,kg,0,
43273247546437646,43273247232651270,41524144274399237,42474577540800523,26336156619726560,回收利用,废聚乙烯市场，用于回收，未分类,"market for waste polyethylene, for recycling, unsorted",废聚乙烯，用于回收，未分拣,Cut-off,欧洲（不包括瑞士）,kg,0.196486512106766,
43273247546437647,43273247232651270,41524144274399237,42474577540800523,26336156619732698,回收利用,废聚乙烯，用于回收，未分拣，回收截断,"waste polyethylene, for recycling, unsorted, Recycled Content cut-off",废聚乙烯，用于回收，未分拣,Cut-off,全球,kg,0,
43273247546437648,43273247232651270,41524144274399237,42474577540800523,26336156619734076,回收利用,废聚乙烯市场，用于回收，未分类,"market for waste polyethylene, for recycling, unsorted",废聚乙烯，用于回收，未分拣,Cut-off,瑞士,kg,0.150303149065838,
43273247546437649,43273247232651270,41524144274399237,42474577540800523,26336156619739309,回收利用,废聚乙烯市场，用于回收，未分类,"market for waste polyethylene, for recycling, unsorted",废聚乙烯，用于回收，未分拣,Cut-off,世界其他地区,kg,0.179355178231528,
43273247546437650,43273247232651270,41524144274399237,42474577540800523,26336156619744373,回收利用,废聚乙烯市场，用于回收，未分类,"market for waste polyethylene, for recycling, unsorted",废聚乙烯，用于回收，未分拣,Cut-off,美国,kg,0.194060182155711,
43273247546437651,43273247232651270,41524144274399237,42474577540800523,26336156619794982,回收利用,"HiQ | 生产 | 废塑料, 截断","HiQ | Production | Waste plastic, Recycled Content cut-off",废塑料,Cut-off,中国,kg,0,
43273247546437643,43273247232651269,41524144274399237,42474577540800520,26336156619732323,回收利用,废活性炭处理，硬煤基颗粒，再活化,"treatment of spent activated carbon, granular from hard coal, reactivation",活性炭，颗粒,Cut-off,欧洲,kg,0.81500262232614,
43273247546437645,43273247232651269,41524144274399237,42474577540800520,26336156619734780,回收利用,废活性炭市场，颗粒状,"market for spent activated carbon, granular",废活性炭，颗粒状,Cut-off,全球,kg,0.0384256363834301,
43273247546437644,43273247232651269,41524144274399237,42474577540800520,26336156619735363,回收利用,废活性炭处理，硬煤基颗粒，再活化,"treatment of spent activated carbon, granular from hard coal, reactivation",活性炭，颗粒,Cut-off,世界其他地区,kg,1.01218313088061,
43273247546437642,43273247232651269,41524144274399237,42474577540800520,26336156619737357,回收利用,废活性炭，颗粒状，回收截断,"spent activated carbon, granular, Recycled Content cut-off",废活性炭，颗粒状,Cut-off,全球,kg,0,
43273247546175498,43273247232389129,41524144274399237,42474577540538387,26336156619722399,回收利用,废铁的分拣和压制,sorting and pressing of iron scrap,废铁，分拣、压制后,Cut-off,世界其他地区,kg,0.0309978225904355,
43273247546175499,43273247232389129,41524144274399237,42474577540538387,26336156619723387,回收利用,钢生产，电力，低合金,"steel production, electric, low-alloyed",钢，低合金,Cut-off,世界其他地区,kg,1.45906906968125,
43273247546175500,43273247232389129,41524144274399237,42474577540538387,26336156619723469,回收利用,钢生产，电力，铬钢18/8,"steel production, electric, chromium steel 18/8",钢，铬钢18/8,Cut-off,欧洲,kg,4.73534675430253,
43273247546175501,43273247232389129,41524144274399237,42474577540538387,26336156619724838,回收利用,废铁，分拣、压制后，回收截断,"iron scrap, sorted, pressed, Recycled Content cut-off",废铁，分拣、压制后,Cut-off,全球,kg,0,
43273247546175502,43273247232389129,41524144274399237,42474577540538387,26336156619730541,回收利用,钢生产，电力，低合金,"steel production, electric, low-alloyed",钢，低合金,Cut-off,欧洲（不包括瑞士和奥地利）,kg,0.537454436233465,
43273247546175503,43273247232389129,41524144274399237,42474577540538387,26336156619731988,回收利用,钢生产，电力，低合金,"steel production, electric, low-alloyed",钢，低合金,Cut-off,印度,kg,3.06660968995764,
43273247546175504,43273247232389129,41524144274399237,42474577540538387,26336156619731995,回收利用,钢生产，电力，铬钢18/8,"steel production, electric, chromium steel 18/8",钢，铬钢18/8,Cut-off,世界其他地区,kg,5.11457562419121,
43273247546175505,43273247232389129,41524144274399237,42474577540538387,26336156619734515,回收利用,废铁市场，分类，压制,"market for iron scrap, sorted, pressed",废铁，分拣、压制后,Cut-off,欧洲,kg,0.0367142629458807,
43273247546175506,43273247232389129,41524144274399237,42474577540538387,26336156619734586,回收利用,钢生产，电力，低合金,"steel production, electric, low-alloyed",钢，低合金,Cut-off,"加拿大,魁北克",kg,0.842053582589081,
43273247546175507,43273247232389129,41524144274399237,42474577540538387,26336156619736852,回收利用,废铁市场，分类，压制,"market for iron scrap, sorted, pressed",废铁，分拣、压制后,Cut-off,世界其他地区,kg,0.0697467957100147,
43273247546175508,43273247232389129,41524144274399237,42474577540538387,26336156619737017,回收利用,钢生产，电力，低合金,"steel production, electric, low-alloyed",钢，低合金,Cut-off,奥地利,kg,0.316456462542291,
43273247546175509,43273247232389129,41524144274399237,42474577540538387,26336156619737029,回收利用,废铁，未分拣，回收截断,"iron scrap, unsorted, Recycled Content cut-off",废铁，未分拣,Cut-off,全球,kg,0,
43273247546175510,43273247232389129,41524144274399237,42474577540538387,26336156619741465,回收利用,废铁的分拣和压制,sorting and pressing of iron scrap,废铁，分拣、压制后,Cut-off,欧洲,kg,0.0262057742902889,
43273247546437637,43273247232389129,41524144274399237,42474577540538387,26336156619742819,回收利用,废铁市场，未分类的,"market for iron scrap, unsorted",废铁，未分拣,Cut-off,全球,kg,0.00352310565774756,
43273247546437638,43273247232389129,41524144274399237,42474577540538387,26336156619743170,回收利用,钢生产，电力，低合金,"steel production, electric, low-alloyed",钢，低合金,Cut-off,瑞士,kg,0.393724360451309,
43273247546437639,43273247232389129,41524144274399237,42474577540538387,26336156619794957,回收利用,"HiQ | 生产 | 废钢, 再生利用, 分拣","HiQ | Production | Steel scrap, recycling, sorting",废钢，分拣后,Cut-off,中国,kg,0.0111458340353522,
43273247546437640,43273247232389129,41524144274399237,42474577540538387,26336156619794958,回收利用,"HiQ | 生产 | 粗钢, 废钢回收, 电炉炼钢, 再生","HiQ | Production | Crude steel, steel scrap recycling, electric furnace steelmaking, regeneration",粗钢（全电炉）,Cut-off,中国,kg,0.606850389950828,
43273247546437641,43273247232389129,41524144274399237,42474577540538387,26336156619794984,回收利用,"HiQ | 生产 | 废钢, 截断","HiQ | Production | Steel scrap, Recycled Content cut-off",废钢,Cut-off,中国,kg,0,
43273247545913350,43273247232389128,41524144274399237,42474577540538380,26336156619723505,回收利用,玻璃碎屑，分类，回收截断,"glass cullet, sorted, Recycled Content cut-off",碎玻璃，分拣后,Cut-off,全球,kg,0,
43273247546175493,43273247232389128,41524144274399237,42474577540538380,26336156619734104,回收利用,未经分类的公共收集的废玻璃处理，进行分拣,"treatment of waste glass from unsorted public collection, sorting",碎玻璃，分拣后,Cut-off,世界其他地区,kg,0.0189252369745046,
43273247546175494,43273247232389128,41524144274399237,42474577540538380,26336156619734728,回收利用,碎玻璃市场，已分类,"market for glass cullet, sorted",碎玻璃，分拣后,Cut-off,世界其他地区,kg,0.0224506310477143,
43273247546175495,43273247232389128,41524144274399237,42474577540538380,26336156619743063,回收利用,碎玻璃市场，已分类,"market for glass cullet, sorted",碎玻璃，分拣后,Cut-off,欧洲,kg,0.0266780604694301,
43273247546175496,43273247232389128,41524144274399237,42474577540538380,26336156619743935,回收利用,未经分类的公共收集的废玻璃处理，进行分拣,"treatment of waste glass from unsorted public collection, sorting",碎玻璃，分拣后,Cut-off,欧洲,kg,0.0163588519354685,
43273247546175497,43273247232389128,41524144274399237,42474577540538380,26336156619794983,回收利用,"HiQ | 生产 | 废玻璃, 截断","HiQ | Production | Waste glass, Recycled Content cut-off",废玻璃,Cut-off,中国,kg,0,
42418853894975505,42418851000905746,41524144274399237,42138729795559430,26336156619724317,回收利用,碱性氧气炉渣市场，用于回收,"market for basic oxygen furnace slag, for recovery",碱性氧气炉渣，用于回收,Cut-off,世界其他地区,kg,0,温室气体-产品碳足迹-量化要求和指南
42418853894975495,42418851000905746,41524144274399237,42138729795559430,26336156619726576,回收利用,粒化高炉矿渣生产,ground granulated blast furnace slag production,磨碎的粒化高炉渣,Cut-off,美国,kg,0.0841981820708201,温室气体-产品碳足迹-量化要求和指南
42418853894975496,42418851000905746,41524144274399237,42138729795559430,26336156619727085,回收利用,磨碎的粒化高炉渣市场,market for ground granulated blast furnace slag,磨碎的粒化高炉渣,Cut-off,美国,kg,0.115439311685643,温室气体-产品碳足迹-量化要求和指南
42418853894975506,42418851000905746,41524144274399237,42138729795559430,26336156619727764,回收利用,电弧炉渣，用于回收，回收截断,"electric arc furnace slag, for recovery, Recycled Content cut-off",电弧炉渣，用于回收,Cut-off,全球,kg,0,温室气体-产品碳足迹-量化要求和指南
42418853894975507,42418851000905746,41524144274399237,42138729795559430,26336156619728604,回收利用,基本氧炉渣，用于回收，回收截断,"basic oxygen furnace slag, for recovery, Recycled Content cut-off",碱性氧气炉渣，用于回收,Cut-off,全球,kg,0,温室气体-产品碳足迹-量化要求和指南
42418853894975497,42418851000905746,41524144274399237,42138729795559430,26336156619728875,回收利用,粒化高炉矿渣生产,granulated blast furnace slag production,粒化高炉渣,Cut-off,巴西,kg,0.0124039894779331,温室气体-产品碳足迹-量化要求和指南
42418853894975498,42418851000905746,41524144274399237,42138729795559430,26336156619730252,回收利用,磨碎的粒化高炉渣市场,market for ground granulated blast furnace slag,磨碎的粒化高炉渣,Cut-off,世界其他地区,kg,0.130197707314982,温室气体-产品碳足迹-量化要求和指南
42418853894975499,42418851000905746,41524144274399237,42138729795559430,26336156619731407,回收利用,谷物化高炉渣市场,market for granulated blast furnace slag,粒化高炉渣,Cut-off,巴西,kg,0.0342990159163515,温室气体-产品碳足迹-量化要求和指南
42418853894975500,42418851000905746,41524144274399237,42138729795559430,26336156619732955,回收利用,磨碎的粒化高炉渣市场,market for ground granulated blast furnace slag,磨碎的粒化高炉渣,Cut-off,印度,kg,0.177390917839974,温室气体-产品碳足迹-量化要求和指南
42418853894975508,42418851000905746,41524144274399237,42138729795559430,26336156619733744,回收利用,电弧炉渣市场，用于回收,"market for electric arc furnace slag, for recovery",电弧炉渣，用于回收,Cut-off,世界其他地区,kg,0,温室气体-产品碳足迹-量化要求和指南
42418853894975501,42418851000905746,41524144274399237,42138729795559430,26336156619734708,回收利用,粒化高炉矿渣生产,ground granulated blast furnace slag production,磨碎的粒化高炉渣,Cut-off,南非,kg,0.251754975522039,温室气体-产品碳足迹-量化要求和指南
42418853894975502,42418851000905746,41524144274399237,42138729795559430,26336156619735599,回收利用,粒化高炉矿渣生产,ground granulated blast furnace slag production,磨碎的粒化高炉渣,Cut-off,世界其他地区,kg,0.0997610522635049,温室气体-产品碳足迹-量化要求和指南
42418853894975509,42418851000905746,41524144274399237,42138729795559430,26336156619737314,回收利用,电弧炉渣市场，用于回收,"market for electric arc furnace slag, for recovery",电弧炉渣，用于回收,Cut-off,欧洲,kg,0,温室气体-产品碳足迹-量化要求和指南
42418853894975503,42418851000905746,41524144274399237,42138729795559430,26336156619740677,回收利用,粒化高炉矿渣生产,ground granulated blast furnace slag production,磨碎的粒化高炉渣,Cut-off,印度,kg,0.126624082215886,温室气体-产品碳足迹-量化要求和指南
42667983394598918,42418851000905746,41524144274399237,42138729795559430,26336156619740929,回收利用,高炉渣市场,market for blast furnace slag,高炉渣,Cut-off,世界其他地区,kg,0.0117011554802737,温室气体-产品碳足迹-量化要求和指南
42418853894975504,42418851000905746,41524144274399237,42138729795559430,26336156619741756,回收利用,磨碎的粒化高炉渣市场,market for ground granulated blast furnace slag,磨碎的粒化高炉渣,Cut-off,南非,kg,0.262154632661127,温室气体-产品碳足迹-量化要求和指南
42667983394598917,42418851000905746,41524144274399237,42138729795559430,26336156619741941,回收利用,高炉渣市场,market for blast furnace slag,高炉渣,Cut-off,美国,kg,0.0120278349017069,温室气体-产品碳足迹-量化要求和指南
42418853894975510,42418851000905746,41524144274399237,42138729795559430,26336156619742249,回收利用,碱性氧气炉渣市场，用于回收,"market for basic oxygen furnace slag, for recovery",碱性氧气炉渣，用于回收,Cut-off,欧洲,kg,0,温室气体-产品碳足迹-量化要求和指南
42618946699517958,42618945419993098,41524144274399237,42433951606104081,26336156619722299,回收利用,聚对苯二甲酸乙二醇酯生产，颗粒，无定形，再生,"polyethylene terephthalate production, granulate, amorphous, recycled",聚对苯二甲酸乙二醇酯，颗粒，无定形，再生,Cut-off,世界其他地区,kg,1.63775481524773,温室气体-产品碳足迹-量化要求和指南
42618946699517959,42618945419993098,41524144274399237,42433951606104081,26336156619722574,回收利用,聚乙烯市场，高密度，颗粒，回收,"market for polyethylene, high density, granulate, recycled",聚乙烯，高密度，颗粒，再生,Cut-off,美国,kg,0.782102407169904,温室气体-产品碳足迹-量化要求和指南
42618946699780119,42618945419993098,41524144274399237,42433951606104081,26336156619722594,回收利用,废聚乙烯，用于回收，分拣后，回收截断,"waste polyethylene, for recycling, sorted, Recycled Content cut-off",废聚乙烯，用于回收，已分拣,Cut-off,全球,kg,0,温室气体-产品碳足迹-量化要求和指南
42618946700304390,42618945419993098,41524144274399237,42433951606104081,26336156619723258,回收利用,废塑料，消费电子产品，分拣后，回收截断,"waste plastic, consumer electronics, sorted, Recycled Content cut-off",废塑料，消费电子产品，分拣后,Cut-off,全球,kg,0,温室气体-产品碳足迹-量化要求和指南
42618946699517960,42618945419993098,41524144274399237,42433951606104081,26336156619723313,回收利用,聚对苯二甲酸乙二醇酯生产，颗粒，无定形，再生,"polyethylene terephthalate production, granulate, amorphous, recycled",聚对苯二甲酸乙二醇酯，颗粒，无定形，再生,Cut-off,美国,kg,1.24928938252354,温室气体-产品碳足迹-量化要求和指南
42618946699517961,42618945419993098,41524144274399237,42433951606104081,26336156619723623,回收利用,聚对苯二甲酸乙二醇酯市场，颗粒，无定形，回收,"market for polyethylene terephthalate, granulate, amorphous, recycled",聚对苯二甲酸乙二醇酯，颗粒，无定形，再生,Cut-off,世界其他地区,kg,1.72456945008827,温室气体-产品碳足迹-量化要求和指南
42618946700304391,42618945419993098,41524144274399237,42433951606104081,26336156619723692,回收利用,废塑料市场，消费电子产品，分类,"market for waste plastic, consumer electronics, sorted",废塑料，消费电子产品，分拣后,Cut-off,全球,kg,0.120979486206638,温室气体-产品碳足迹-量化要求和指南
42618946699517962,42618945419993098,41524144274399237,42433951606104081,26336156619723709,回收利用,聚乙烯市场，高密度，颗粒，回收,"market for polyethylene, high density, granulate, recycled",聚乙烯，高密度，颗粒，再生,Cut-off,欧洲（不包括瑞士）,kg,0.743598147911138,温室气体-产品碳足迹-量化要求和指南
42618946699780120,42618945419993098,41524144274399237,42433951606104081,26336156619723872,回收利用,废聚乙烯市场，用于回收，分类,"market for waste polyethylene, for recycling, sorted",废聚乙烯，用于回收，已分拣,Cut-off,美国,kg,0.335222146897089,温室气体-产品碳足迹-量化要求和指南
42618946699780101,42618945419993098,41524144274399237,42433951606104081,26336156619724215,回收利用,聚对苯二甲酸乙二醇酯生产，颗粒，瓶级，再生,"polyethylene terephthalate production, granulate, bottle grade, recycled",聚对苯二甲酸乙二醇酯，颗粒，瓶级，再生,Cut-off,世界其他地区,kg,1.05883326587794,温室气体-产品碳足迹-量化要求和指南
42618946699780121,42618945419993098,41524144274399237,42433951606104081,26336156619724992,回收利用,废聚对苯二甲酸乙二醇酯市场，用于回收，分类,"market for waste polyethylene terephthalate, for recycling, sorted",废聚对苯二甲酸乙二醇酯，用于回收，分拣后,Cut-off,美国,kg,0.347728815917897,温室气体-产品碳足迹-量化要求和指南
42618946699780102,42618945419993098,41524144274399237,42433951606104081,26336156619725854,回收利用,聚乙烯生产，高密度，颗粒，再生,"polyethylene production, high density, granulate, recycled",聚乙烯，高密度，颗粒，再生,Cut-off,欧洲（不包括瑞士）,kg,0.656920858952144,温室气体-产品碳足迹-量化要求和指南
42618946699780103,42618945419993098,41524144274399237,42433951606104081,26336156619726417,回收利用,塑料颗粒生产，未指定，回收，非正规部门,"plastic granulate production, unspecified, recycled, informal sector",塑料颗粒，未指定，再生,Cut-off,印度,kg,0.520567566672793,温室气体-产品碳足迹-量化要求和指南
42618946699780104,42618945419993098,41524144274399237,42433951606104081,26336156619726526,回收利用,聚对苯二甲酸乙二醇酯市场，颗粒，无定形，回收,"market for polyethylene terephthalate, granulate, amorphous, recycled",聚对苯二甲酸乙二醇酯，颗粒，无定形，再生,Cut-off,美国,kg,1.3420372270783,温室气体-产品碳足迹-量化要求和指南
42618946699780122,42618945419993098,41524144274399237,42433951606104081,26336156619726560,回收利用,废聚乙烯市场，用于回收，未分类,"market for waste polyethylene, for recycling, unsorted",废聚乙烯，用于回收，未分拣,Cut-off,欧洲（不包括瑞士）,kg,0.196486512106766,温室气体-产品碳足迹-量化要求和指南
42618946700042245,42618945419993098,41524144274399237,42433951606104081,26336156619726937,回收利用,废聚对苯二甲酸乙二醇酯处理，用于回收，未分拣，进行分拣,"treatment of waste polyethylene terephthalate, for recycling, unsorted, sorting",废聚对苯二甲酸乙二醇酯，用于回收，分拣后,Cut-off,瑞士,kg,0.255943765284186,温室气体-产品碳足迹-量化要求和指南
42618946699780105,42618945419993098,41524144274399237,42433951606104081,26336156619727830,回收利用,聚对苯二甲酸乙二醇酯生产，颗粒，无定形，再生,"polyethylene terephthalate production, granulate, amorphous, recycled",聚对苯二甲酸乙二醇酯，颗粒，无定形，再生,Cut-off,瑞士,kg,0.401205818959806,温室气体-产品碳足迹-量化要求和指南
42618946700304392,42618945419993098,41524144274399237,42433951606104081,26336156619728133,回收利用,废弃塑料，消费电子产品，未分类市场,"market for waste plastic, consumer electronics, unsorted",废塑料，消费电子产品，未分拣,Cut-off,印度,kg,0.0308147121239652,温室气体-产品碳足迹-量化要求和指南
42618946699780106,42618945419993098,41524144274399237,42433951606104081,26336156619728441,回收利用,聚对苯二甲酸乙二醇酯市场，颗粒，无定形，回收,"market for polyethylene terephthalate, granulate, amorphous, recycled",聚对苯二甲酸乙二醇酯，颗粒，无定形，再生,Cut-off,瑞士,kg,0.412390455082943,温室气体-产品碳足迹-量化要求和指南
42618946700042246,42618945419993098,41524144274399237,42433951606104081,26336156619728511,回收利用,废聚乙烯市场，用于回收，分类,"market for waste polyethylene, for recycling, sorted",废聚乙烯，用于回收，已分拣,Cut-off,瑞士,kg,0.445323637408709,温室气体-产品碳足迹-量化要求和指南
42618946700042247,42618945419993098,41524144274399237,42433951606104081,26336156619729386,回收利用,废聚对苯二甲酸乙二醇酯市场，用于回收，未分类,"market for waste polyethylene terephthalate, for recycling, unsorted",废聚对苯二甲酸乙二醇酯，用于回收，未分拣,Cut-off,美国,kg,0.200026823798895,温室气体-产品碳足迹-量化要求和指南
42618946700042248,42618945419993098,41524144274399237,42433951606104081,26336156619730147,回收利用,废聚对苯二甲酸乙二醇酯市场，用于回收，分类,"market for waste polyethylene terephthalate, for recycling, sorted",废聚对苯二甲酸乙二醇酯，用于回收，分拣后,Cut-off,世界其他地区,kg,0.349151665884112,温室气体-产品碳足迹-量化要求和指南
42618946699780107,42618945419993098,41524144274399237,42433951606104081,26336156619730365,回收利用,聚对苯二甲酸乙二醇酯生产，颗粒，瓶级，再生,"polyethylene terephthalate production, granulate, bottle grade, recycled",聚对苯二甲酸乙二醇酯，颗粒，瓶级，再生,Cut-off,瑞士,kg,0.434141648015845,温室气体-产品碳足迹-量化要求和指南
42618946699780108,42618945419993098,41524144274399237,42433951606104081,26336156619730369,回收利用,聚对苯二甲酸乙二醇酯市场，颗粒，无定形，回收,"market for polyethylene terephthalate, granulate, amorphous, recycled",聚对苯二甲酸乙二醇酯，颗粒，无定形，再生,Cut-off,欧洲（不包括瑞士）,kg,1.1475763114802,温室气体-产品碳足迹-量化要求和指南
42618946700042249,42618945419993098,41524144274399237,42433951606104081,26336156619731122,回收利用,废聚乙烯处理，用于回收，未分拣，进行分拣,"treatment of waste polyethylene, for recycling, unsorted, sorting",废聚乙烯，用于回收，已分拣,Cut-off,美国,kg,0.335222146897089,温室气体-产品碳足迹-量化要求和指南
42618946700042250,42618945419993098,41524144274399237,42433951606104081,26336156619731546,回收利用,废聚对苯二甲酸乙二醇酯市场，用于回收，未分类,"market for waste polyethylene terephthalate, for recycling, unsorted",废聚对苯二甲酸乙二醇酯，用于回收，未分拣,Cut-off,瑞士,kg,0.160090070299071,温室气体-产品碳足迹-量化要求和指南
42618946700042251,42618945419993098,41524144274399237,42433951606104081,26336156619732698,回收利用,废聚乙烯，用于回收，未分拣，回收截断,"waste polyethylene, for recycling, unsorted, Recycled Content cut-off",废聚乙烯，用于回收，未分拣,Cut-off,全球,kg,0,温室气体-产品碳足迹-量化要求和指南
42618946700042252,42618945419993098,41524144274399237,42433951606104081,26336156619732742,回收利用,废聚对苯二甲酸乙二醇酯处理，用于回收，未分拣，进行分拣,"treatment of waste polyethylene terephthalate, for recycling, unsorted, sorting",废聚对苯二甲酸乙二醇酯，用于回收，分拣后,Cut-off,欧洲（不包括瑞士）,kg,0.332040507259506,温室气体-产品碳足迹-量化要求和指南
42618946700042253,42618945419993098,41524144274399237,42433951606104081,26336156619732957,回收利用,废聚对苯二甲酸乙二醇酯处理，用于回收，未分拣，进行分拣,"treatment of waste polyethylene terephthalate, for recycling, unsorted, sorting",废聚对苯二甲酸乙二醇酯，用于回收，分拣后,Cut-off,美国,kg,0.347728815917897,温室气体-产品碳足迹-量化要求和指南
42618946700042254,42618945419993098,41524144274399237,42433951606104081,26336156619733448,回收利用,废聚乙烯处理，用于回收，未分拣，进行分拣,"treatment of waste polyethylene, for recycling, unsorted, sorting",废聚乙烯，用于回收，已分拣,Cut-off,瑞士,kg,0.445323637408709,温室气体-产品碳足迹-量化要求和指南
42618946700042255,42618945419993098,41524144274399237,42433951606104081,26336156619734076,回收利用,废聚乙烯市场，用于回收，未分类,"market for waste polyethylene, for recycling, unsorted",废聚乙烯，用于回收，未分拣,Cut-off,瑞士,kg,0.150303149065838,温室气体-产品碳足迹-量化要求和指南
42618946700304393,42618945419993098,41524144274399237,42433951606104081,26336156619734143,回收利用,废塑料，消费电子产品，未分拣，回收截断,"waste plastic, consumer electronics, unsorted, Recycled Content cut-off",废塑料，消费电子产品，未分拣,Cut-off,全球,kg,0,温室气体-产品碳足迹-量化要求和指南
42618946700042256,42618945419993098,41524144274399237,42433951606104081,26336156619734236,回收利用,废聚乙烯市场，用于回收，分类,"market for waste polyethylene, for recycling, sorted",废聚乙烯，用于回收，已分拣,Cut-off,世界其他地区,kg,0.287225861769658,温室气体-产品碳足迹-量化要求和指南
42618946700304394,42618945419993098,41524144274399237,42433951606104081,26336156619734256,回收利用,废塑料处理，消费电子产品，拆解，分拣和清洁，正规部门,"treatment of waste plastic, consumer electronics, dismantling, sorting and cleaning, formal sector",废塑料，消费电子产品，分拣后,Cut-off,印度,kg,0.160348493930167,温室气体-产品碳足迹-量化要求和指南
42618946700042257,42618945419993098,41524144274399237,42433951606104081,26336156619734450,回收利用,废聚乙烯处理，用于回收，未分拣，进行分拣,"treatment of waste polyethylene, for recycling, unsorted, sorting",废聚乙烯，用于回收，已分拣,Cut-off,欧洲（不包括瑞士）,kg,0.401765302496116,温室气体-产品碳足迹-量化要求和指南
42618946700304395,42618945419993098,41524144274399237,42433951606104081,26336156619735514,回收利用,废弃塑料，消费电子产品，未分类市场,"market for waste plastic, consumer electronics, unsorted",废塑料，消费电子产品，未分拣,Cut-off,世界其他地区,kg,0.0296562209915286,温室气体-产品碳足迹-量化要求和指南
42618946699780109,42618945419993098,41524144274399237,42433951606104081,26336156619735663,回收利用,塑料颗粒市场，未指定，回收,"market for plastic granulate, unspecified, recycled",塑料颗粒，未指定，再生,Cut-off,印度,kg,0.552818822107455,温室气体-产品碳足迹-量化要求和指南
42618946699780110,42618945419993098,41524144274399237,42433951606104081,26336156619735916,回收利用,聚乙烯生产，高密度，颗粒，再生,"polyethylene production, high density, granulate, recycled",聚乙烯，高密度，颗粒，再生,Cut-off,美国,kg,0.689354562615144,温室气体-产品碳足迹-量化要求和指南
42618946699780111,42618945419993098,41524144274399237,42433951606104081,26336156619737347,回收利用,聚乙烯生产，高密度，颗粒，再生,"polyethylene production, high density, granulate, recycled",聚乙烯，高密度，颗粒，再生,Cut-off,世界其他地区,kg,0.828842892771194,温室气体-产品碳足迹-量化要求和指南
42618946700042258,42618945419993098,41524144274399237,42433951606104081,26336156619737356,回收利用,废聚对苯二甲酸乙二醇酯处理，用于回收，未分拣，进行分拣,"treatment of waste polyethylene terephthalate, for recycling, unsorted, sorting",废聚对苯二甲酸乙二醇酯，用于回收，分拣后,Cut-off,世界其他地区,kg,0.349151665884112,温室气体-产品碳足迹-量化要求和指南
42618946700042259,42618945419993098,41524144274399237,42433951606104081,26336156619737484,回收利用,废聚对苯二甲酸乙二醇酯，用于回收，分拣后，回收截断,"waste polyethylene terephthalate, for recycling, sorted, Recycled Content cut-off",废聚对苯二甲酸乙二醇酯，用于回收，分拣后,Cut-off,全球,kg,0,温室气体-产品碳足迹-量化要求和指南
42618946699780112,42618945419993098,41524144274399237,42433951606104081,26336156619737504,回收利用,塑料颗粒生产，未指定，回收，正规部门,"plastic granulate production, unspecified, recycled, formal sector",塑料颗粒，未指定，再生,Cut-off,印度,kg,0.807943267500527,温室气体-产品碳足迹-量化要求和指南
42618946700042260,42618945419993098,41524144274399237,42433951606104081,26336156619737704,回收利用,废聚对苯二甲酸乙二醇酯市场，用于回收，未分类,"market for waste polyethylene terephthalate, for recycling, unsorted",废聚对苯二甲酸乙二醇酯，用于回收，未分拣,Cut-off,世界其他地区,kg,0.194694803614462,温室气体-产品碳足迹-量化要求和指南
42618946700042261,42618945419993098,41524144274399237,42433951606104081,26336156619737739,回收利用,废聚对苯二甲酸乙二醇酯市场，用于回收，分类,"market for waste polyethylene terephthalate, for recycling, sorted",废聚对苯二甲酸乙二醇酯，用于回收，分拣后,Cut-off,瑞士,kg,0.255943765284186,温室气体-产品碳足迹-量化要求和指南
42618946699780113,42618945419993098,41524144274399237,42433951606104081,26336156619738796,回收利用,聚对苯二甲酸乙二醇酯生产，颗粒，无定形，再生,"polyethylene terephthalate production, granulate, amorphous, recycled",聚对苯二甲酸乙二醇酯，颗粒，无定形，再生,Cut-off,欧洲（不包括瑞士）,kg,1.06089902252121,温室气体-产品碳足迹-量化要求和指南
42618946700042262,42618945419993098,41524144274399237,42433951606104081,26336156619739309,回收利用,废聚乙烯市场，用于回收，未分类,"market for waste polyethylene, for recycling, unsorted",废聚乙烯，用于回收，未分拣,Cut-off,世界其他地区,kg,0.179355178231528,温室气体-产品碳足迹-量化要求和指南
42618946700042263,42618945419993098,41524144274399237,42433951606104081,26336156619739376,回收利用,废聚对苯二甲酸乙二醇酯市场，用于回收，分类,"market for waste polyethylene terephthalate, for recycling, sorted",废聚对苯二甲酸乙二醇酯，用于回收，分拣后,Cut-off,欧洲（不包括瑞士）,kg,0.332040507259506,温室气体-产品碳足迹-量化要求和指南
42618946699780114,42618945419993098,41524144274399237,42433951606104081,26336156619739658,回收利用,聚对苯二甲酸乙二醇酯市场，颗粒，瓶级，回收,"market for polyethylene terephthalate, granulate, bottle grade, recycled",聚对苯二甲酸乙二醇酯，颗粒，瓶级，再生,Cut-off,世界其他地区,kg,1.07045448462063,温室气体-产品碳足迹-量化要求和指南
42618946700304396,42618945419993098,41524144274399237,42433951606104081,26336156619740513,回收利用,废塑料处理，消费电子产品，手动拆解，分拣和清洁，非正规部门,"treatment of waste plastic, consumer electronics, manual dismantling, sorting and cleaning, informal sector",废塑料，消费电子产品，分拣后,Cut-off,印度,kg,0.0825481554888963,温室气体-产品碳足迹-量化要求和指南
42618946699780115,42618945419993098,41524144274399237,42433951606104081,26336156619740775,回收利用,聚对苯二甲酸乙二醇酯市场，颗粒，瓶级，回收,"market for polyethylene terephthalate, granulate, bottle grade, recycled",聚对苯二甲酸乙二醇酯，颗粒，瓶级，再生,Cut-off,瑞士,kg,0.445326284138982,温室气体-产品碳足迹-量化要求和指南
42618946699780116,42618945419993098,41524144274399237,42433951606104081,26336156619741093,回收利用,聚乙烯市场，高密度，颗粒，回收,"market for polyethylene, high density, granulate, recycled",聚乙烯，高密度，颗粒，再生,Cut-off,世界其他地区,kg,0.915657527611732,温室气体-产品碳足迹-量化要求和指南
42618946700042264,42618945419993098,41524144274399237,42433951606104081,26336156619741812,回收利用,废聚乙烯市场，用于回收，分类,"market for waste polyethylene, for recycling, sorted",废聚乙烯，用于回收，已分拣,Cut-off,欧洲（不包括瑞士）,kg,0.401765302496116,温室气体-产品碳足迹-量化要求和指南
42618946699780117,42618945419993098,41524144274399237,42433951606104081,26336156619742664,回收利用,聚乙烯市场，高密度，颗粒，回收,"market for polyethylene, high density, granulate, recycled",聚乙烯，高密度，颗粒，再生,Cut-off,瑞士,kg,0.577295869489902,温室气体-产品碳足迹-量化要求和指南
42618946699780118,42618945419993098,41524144274399237,42433951606104081,26336156619743238,回收利用,聚乙烯生产，高密度，颗粒，再生,"polyethylene production, high density, granulate, recycled",聚乙烯，高密度，颗粒，再生,Cut-off,瑞士,kg,0.566111233366767,温室气体-产品碳足迹-量化要求和指南
42618946700042265,42618945419993098,41524144274399237,42433951606104081,26336156619743591,回收利用,废聚对苯二甲酸乙二醇酯，用于回收，未分拣，回收截断,"waste polyethylene terephthalate, for recycling, unsorted, Recycled Content cut-off",废聚对苯二甲酸乙二醇酯，用于回收，未分拣,Cut-off,全球,kg,0,温室气体-产品碳足迹-量化要求和指南
42618946700042266,42618945419993098,41524144274399237,42433951606104081,26336156619744373,回收利用,废聚乙烯市场，用于回收，未分类,"market for waste polyethylene, for recycling, unsorted",废聚乙烯，用于回收，未分拣,Cut-off,美国,kg,0.194060182155711,温室气体-产品碳足迹-量化要求和指南
42618946700042267,42618945419993098,41524144274399237,42433951606104081,26336156619744587,回收利用,废聚对苯二甲酸乙二醇酯市场，用于回收，未分类,"market for waste polyethylene terephthalate, for recycling, unsorted",废聚对苯二甲酸乙二醇酯，用于回收，未分拣,Cut-off,欧洲（不包括瑞士）,kg,0.212587645752524,温室气体-产品碳足迹-量化要求和指南
42618946700304389,42618945419993098,41524144274399237,42433951606104081,26336156619744983,回收利用,废聚乙烯处理，用于回收，未分拣，进行分拣,"treatment of waste polyethylene, for recycling, unsorted, sorting",废聚乙烯，用于回收，已分拣,Cut-off,世界其他地区,kg,0.287225861769658,温室气体-产品碳足迹-量化要求和指南
42618946700304397,42618945419993098,41524144274399237,42433951606104081,26336156619794954,回收利用,"HiQ | 生产 | 废塑料处理, 预处理, 塑料清洗","HiQ | Production | Treatment of waste plastic, cleaning",废塑料,Cut-off,中国,kg,0.0831794512405592,温室气体-产品碳足迹-量化要求和指南
42618946700304398,42618945419993098,41524144274399237,42433951606104081,26336156619794982,回收利用,"HiQ | 生产 | 废塑料, 截断","HiQ | Production | Waste plastic, Recycled Content cut-off",废塑料,Cut-off,中国,kg,0,温室气体-产品碳足迹-量化要求和指南
42418853894713352,42418851000643603,41524144274399237,42138729797132294,26336156619731233,回收利用,消化池污泥市场,market for digester sludge,消化污泥,Cut-off,瑞士,kg,0.00400239664294564,温室气体-产品碳足迹-量化要求和指南
42418853894713350,42418851000643603,41524144274399237,42138729797132294,26336156619733564,回收利用,干化，污水污泥,"drying, sewage sludge",原污水污泥,Cut-off,瑞士,kg,0.00649399323132069,温室气体-产品碳足迹-量化要求和指南
42418853894713351,42418851000643603,41524144274399237,42138729797132294,26336156619736820,回收利用,干化，污水污泥,"drying, sewage sludge",原污水污泥,Cut-off,世界其他地区,kg,0.0290492321508006,温室气体-产品碳足迹-量化要求和指南
42418853894975493,42418851000643603,41524144274399237,42138729797132294,26336156619742200,回收利用,消化池污泥市场,market for digester sludge,消化污泥,Cut-off,世界其他地区,kg,0.0116923938955939,温室气体-产品碳足迹-量化要求和指南
42418853894975494,42418851000643603,41524144274399237,42138729797132294,26336156619742997,回收利用,消化污泥，回收截断,"digester sludge, Recycled Content cut-off",消化污泥,Cut-off,全球,kg,0,温室气体-产品碳足迹-量化要求和指南
42051882679595013,42051879094251545,41524144274399237,42025820240441351,26336156619723506,回收利用,废锌市场，后消费,"market for zinc scrap, post-consumer",锌废料，消费后,Cut-off,全球,kg,0.0384256363834301,
42051882679595014,42051879094251545,41524144274399237,42025820240441351,26336156619725804,回收利用,废锌，消费后，回收截断,"zinc scrap, post-consumer, Recycled Content cut-off",锌废料，消费后,Cut-off,全球,kg,0,
42051882679857169,42051879094251534,41524144274399237,42025820241752070,26336156619722854,回收利用,废铝处理，新，重熔厂,"treatment of aluminium scrap, new, at remelter",铝，锻造合金,Cut-off,欧洲,kg,0.544654829262745,温室气体-产品碳足迹-量化要求和指南
42051882679595015,42051879094251534,41524144274399237,42025820241752070,26336156619724163,回收利用,废弃的铝料，新料，回收截断,"aluminium scrap, new, Recycled Content cut-off",废铝，新,Cut-off,全球,kg,0,
42051882679857170,42051879094251534,41524144274399237,42025820241752070,26336156619724175,回收利用,废铝处理，消费后，准备回收，精炼厂,"treatment of aluminium scrap, post-consumer, prepared for recycling, at refiner",铝，铸造合金,Cut-off,世界其他地区,kg,0.872213765869845,温室气体-产品碳足迹-量化要求和指南
42051882679857171,42051879094251534,41524144274399237,42025820241752070,26336156619724516,回收利用,废铝处理，新，精炼厂,"treatment of aluminium scrap, new, at refiner",铝，铸造合金,Cut-off,欧洲,kg,0.628182443407384,温室气体-产品碳足迹-量化要求和指南
42051882679595016,42051879094251534,41524144274399237,42025820241752070,26336156619724626,回收利用,废铝市场，新,"market for aluminium scrap, new",废铝，新,Cut-off,欧洲,kg,0.0357219696269327,
42051882679857172,42051879094251534,41524144274399237,42025820241752070,26336156619724760,回收利用,铝市场，锻造合金,"market for aluminium, wrought alloy",铝，锻造合金,Cut-off,全球,kg,13.932816417908,温室气体-产品碳足迹-量化要求和指南
42051882679857173,42051879094251534,41524144274399237,42025820241752070,26336156619730824,回收利用,废铝处理，消费后，准备回收，精炼厂,"treatment of aluminium scrap, post-consumer, prepared for recycling, at refiner",铝，铸造合金,Cut-off,欧洲,kg,0.898733632448616,温室气体-产品碳足迹-量化要求和指南
42051882679595017,42051879094251534,41524144274399237,42025820241752070,26336156619731803,回收利用,废铝市场，消费后,"market for aluminium scrap, post-consumer",废铝，消费后,Cut-off,全球,kg,0.0384256363834301,
42051882679857157,42051879094251534,41524144274399237,42025820241752070,26336156619731852,回收利用,废弃后消费铝材，回收截断,"aluminium scrap, post-consumer, Recycled Content cut-off",废铝，消费后,Cut-off,全球,kg,0,
42051882679857174,42051879094251534,41524144274399237,42025820241752070,26336156619736545,回收利用,废铝处理，新，重熔厂,"treatment of aluminium scrap, new, at remelter",铝，锻造合金,Cut-off,世界其他地区,kg,0.571235516620177,温室气体-产品碳足迹-量化要求和指南
42051882679857158,42051879094251534,41524144274399237,42025820241752070,26336156619740393,回收利用,废铝市场，新,"market for aluminium scrap, new",废铝，新,Cut-off,世界其他地区,kg,0.0384556761890589,
42051882679857175,42051879094251534,41524144274399237,42025820241752070,26336156619743077,回收利用,废铝处理，新，精炼厂,"treatment of aluminium scrap, new, at refiner",铝，铸造合金,Cut-off,世界其他地区,kg,0.604478910281425,温室气体-产品碳足迹-量化要求和指南
42051882679857159,42051879094251534,41524144274399237,42025820241752070,26336156619743481,回收利用,消费后铝废料，准备熔化，回收截断,"aluminium scrap, post-consumer, prepared for melting, Recycled Content cut-off",废铝，消费后，准备熔化,Cut-off,全球,kg,0,
42051882679857176,42051879094251534,41524144274399237,42025820241752070,26336156619743483,回收利用,铝市场，铸造合金,"market for aluminium, cast alloy",铝，铸造合金,Cut-off,全球,kg,5.73200823954466,温室气体-产品碳足迹-量化要求和指南
42051882679857177,42051879094251534,41524144274399237,42025820241752070,26336156619743898,回收利用,废铝处理，消费后，准备回收，重熔厂,"treatment of aluminium scrap, post-consumer, prepared for recycling, at remelter",铝，锻造合金,Cut-off,欧洲,kg,0.809626712410119,温室气体-产品碳足迹-量化要求和指南
42051882679857178,42051879094251534,41524144274399237,42025820241752070,26336156619744616,回收利用,废铝处理，消费后，准备回收，重熔厂,"treatment of aluminium scrap, post-consumer, prepared for recycling, at remelter",铝，锻造合金,Cut-off,世界其他地区,kg,0.833449144735639,温室气体-产品碳足迹-量化要求和指南
42051882679857179,42051879094251534,41524144274399237,42025820241752070,26336156619794956,回收利用,"HiQ | 生产 | 铝锭, 废铝回收, 再生","HiQ | Production | Aluminum ingot, aluminum scrap recycling, regeneration",铝锭,Cut-off,中国,kg,2.4670190480658,温室气体-产品碳足迹-量化要求和指南
42051882680119306,42051879094251534,41524144274399237,42025820241752070,26336156619795549,回收利用,"HiQ | 市场 | 硅铝合金, 废铝回收, 再生","HiQ | Market | Silicon aluminum alloy, scrap aluminum recycling, regeneration",铝锭,Cut-off,中国,kg,0.446612174919361,温室气体-产品碳足迹-量化要求和指南
42051882680119305,42051879094251534,41524144274399237,42025820241752070,26336156619795559,回收利用,"HiQ | 市场 | 铝锭, 未锻造, 废铝回收, 再生","HiQ | Market | Aluminum ingot, unforged, scrap aluminum recycling, regeneration",铝锭,Cut-off,中国,kg,0.614486304114207,温室气体-产品碳足迹-量化要求和指南
42051882680119304,42051879094251534,41524144274399237,42025820241752070,26336156619795686,回收利用,"HiQ | 生产 | 铝锭, 未锻造, 废铝回收, 再生","HiQ | Production | Aluminum ingot, unforged, scrap aluminum recycling, regeneration",铝锭,Cut-off,中国,kg,0.589735699446534,温室气体-产品碳足迹-量化要求和指南
42051882680119303,42051879094251534,41524144274399237,42025820241752070,26336156619795775,回收利用,"HiQ | 生产 | 硅铝合金, 废铝回收, 再生","HiQ | Production | Silicon aluminum alloy, scrap aluminum recycling, regeneration",铝锭,Cut-off,中国,kg,0.421861570241107,温室气体-产品碳足迹-量化要求和指南
42051882680119315,42051879094251531,41524144274399237,42025820242014215,26336156619722399,回收利用,废铁的分拣和压制,sorting and pressing of iron scrap,废铁，分拣、压制后,Cut-off,世界其他地区,kg,0.0309978225904355,温室气体-产品碳足迹-量化要求和指南
42051882680119317,42051879094251531,41524144274399237,42025820242014215,26336156619723387,回收利用,钢生产，电力，低合金,"steel production, electric, low-alloyed",钢，低合金,Cut-off,世界其他地区,kg,1.45906906968125,温室气体-产品碳足迹-量化要求和指南
42051882680119318,42051879094251531,41524144274399237,42025820242014215,26336156619723469,回收利用,钢生产，电力，铬钢18/8,"steel production, electric, chromium steel 18/8",钢，铬钢18/8,Cut-off,欧洲,kg,4.73534675430253,温室气体-产品碳足迹-量化要求和指南
42051882680119307,42051879094251531,41524144274399237,42025820242014215,26336156619724838,回收利用,废铁，分拣、压制后，回收截断,"iron scrap, sorted, pressed, Recycled Content cut-off",废铁，分拣、压制后,Cut-off,全球,kg,0,
42051882680119319,42051879094251531,41524144274399237,42025820242014215,26336156619730541,回收利用,钢生产，电力，低合金,"steel production, electric, low-alloyed",钢，低合金,Cut-off,欧洲（不包括瑞士和奥地利）,kg,0.537454436233465,温室气体-产品碳足迹-量化要求和指南
42051882680119320,42051879094251531,41524144274399237,42025820242014215,26336156619731988,回收利用,钢生产，电力，低合金,"steel production, electric, low-alloyed",钢，低合金,Cut-off,印度,kg,3.06660968995764,温室气体-产品碳足迹-量化要求和指南
42051882680119321,42051879094251531,41524144274399237,42025820242014215,26336156619731995,回收利用,钢生产，电力，铬钢18/8,"steel production, electric, chromium steel 18/8",钢，铬钢18/8,Cut-off,世界其他地区,kg,5.11457562419121,温室气体-产品碳足迹-量化要求和指南
42051882680119308,42051879094251531,41524144274399237,42025820242014215,26336156619734515,回收利用,废铁市场，分类，压制,"market for iron scrap, sorted, pressed",废铁，分拣、压制后,Cut-off,欧洲,kg,0.0367142629458807,
42051882680119322,42051879094251531,41524144274399237,42025820242014215,26336156619734586,回收利用,钢生产，电力，低合金,"steel production, electric, low-alloyed",钢，低合金,Cut-off,"加拿大,魁北克",kg,0.842053582589081,温室气体-产品碳足迹-量化要求和指南
42051882680119309,42051879094251531,41524144274399237,42025820242014215,26336156619736852,回收利用,废铁市场，分类，压制,"market for iron scrap, sorted, pressed",废铁，分拣、压制后,Cut-off,世界其他地区,kg,0.0697467957100147,
42051882680119323,42051879094251531,41524144274399237,42025820242014215,26336156619737017,回收利用,钢生产，电力，低合金,"steel production, electric, low-alloyed",钢，低合金,Cut-off,奥地利,kg,0.316456462542291,温室气体-产品碳足迹-量化要求和指南
42051882680119310,42051879094251531,41524144274399237,42025820242014215,26336156619737029,回收利用,废铁，未分拣，回收截断,"iron scrap, unsorted, Recycled Content cut-off",废铁，未分拣,Cut-off,全球,kg,0,
42051882680119316,42051879094251531,41524144274399237,42025820242014215,26336156619741465,回收利用,废铁的分拣和压制,sorting and pressing of iron scrap,废铁，分拣、压制后,Cut-off,欧洲,kg,0.0262057742902889,温室气体-产品碳足迹-量化要求和指南
42051882680119311,42051879094251531,41524144274399237,42025820242014215,26336156619742819,回收利用,废铁市场，未分类的,"market for iron scrap, unsorted",废铁，未分拣,Cut-off,全球,kg,0.00352310565774756,
42051882680381445,42051879094251531,41524144274399237,42025820242014215,26336156619743170,回收利用,钢生产，电力，低合金,"steel production, electric, low-alloyed",钢，低合金,Cut-off,瑞士,kg,0.393724360451309,温室气体-产品碳足迹-量化要求和指南
42051882680119312,42051879094251531,41524144274399237,42025820242014215,26336156619794957,回收利用,"HiQ | 生产 | 废钢, 再生利用, 分拣","HiQ | Production | Steel scrap, recycling, sorting",废钢，分拣后,Cut-off,中国,kg,0.0111458340353522,温室气体-产品碳足迹-量化要求和指南
42051882680119314,42051879094251531,41524144274399237,42025820242014215,26336156619794958,回收利用,"HiQ | 生产 | 粗钢, 废钢回收, 电炉炼钢, 再生","HiQ | Production | Crude steel, steel scrap recycling, electric furnace steelmaking, regeneration",粗钢（全电炉）,Cut-off,中国,kg,0.606850389950828,温室气体-产品碳足迹-量化要求和指南
42051882680119313,42051879094251531,41524144274399237,42025820242014215,26336156619794984,回收利用,"HiQ | 生产 | 废钢, 截断","HiQ | Production | Steel scrap, Recycled Content cut-off",废钢,Cut-off,中国,kg,0,温室气体-产品碳足迹-量化要求和指南
42051882680381450,42051879093989395,41524144274399237,42025820243324933,26336156619723097,回收利用,用过的电缆处理,treatment of used cable,铜，阴极,Cut-off,全球,kg,0,温室气体-产品碳足迹-量化要求和指南
42051882680381448,42051879093989395,41524144274399237,42025820243324933,26336156619723156,回收利用,电解精炼废铜处理,treatment of copper scrap by electrolytic refining,铜，阴极,Cut-off,世界其他地区,kg,2.53379634402577,温室气体-产品碳足迹-量化要求和指南
42051882680381446,42051879093989395,41524144274399237,42025820243324933,26336156619725364,回收利用,废铜市场，分类，压制,"market for copper scrap, sorted, pressed",废铜，分类，压制,Cut-off,全球,kg,0.0384256363834301,
42051882680381449,42051879093989395,41524144274399237,42025820243324933,26336156619728012,回收利用,电解精炼废铜处理,treatment of copper scrap by electrolytic refining,铜，阴极,Cut-off,欧洲,kg,1.71729667235336,温室气体-产品碳足迹-量化要求和指南
42051882680381451,42051879093989395,41524144274399237,42025820243324933,26336156619732818,回收利用,电子废料的金属部分处理，铜，阳极，电解精炼,"treatment of metal part of electronics scrap, in copper, anode, by electrolytic refining",铜，阴极,Cut-off,世界其他地区,kg,0.310959739936648,温室气体-产品碳足迹-量化要求和指南
42051882680381452,42051879093989395,41524144274399237,42025820243324933,26336156619733583,回收利用,电子废料的金属部分处理，铜，阳极，电解精炼,"treatment of metal part of electronics scrap, in copper, anode, by electrolytic refining",铜，阴极,Cut-off,瑞典,kg,0.282875396101105,温室气体-产品碳足迹-量化要求和指南
42051882680381453,42051879093989395,41524144274399237,42025820243324933,26336156619735456,回收利用,铜饼处理,treatment of copper cake,铜，阴极,Cut-off,全球,kg,13.5236767568741,温室气体-产品碳足迹-量化要求和指南
42051882680381454,42051879093989395,41524144274399237,42025820243324933,26336156619736720,回收利用,非铁钴金属处理，来自用过的锂离子电池，湿法冶金处理,"treatment of non-Fe-Co-metals, from used Li-ion battery, hydrometallurgical processing",铜，阴极,Cut-off,全球,kg,0,温室气体-产品碳足迹-量化要求和指南
42051882680381455,42051879093989395,41524144274399237,42025820243324933,26336156619739550,回收利用,非铁钴金属处理，来自用过的锂离子电池，火法冶金处理,"treatment of non-Fe-Co-metals, from used Li-ion battery, pyrometallurgical processing",铜，阴极,Cut-off,全球,kg,0,温室气体-产品碳足迹-量化要求和指南
42051882680381447,42051879093989395,41524144274399237,42025820243324933,26336156619740217,回收利用,回收铜废料，分类，压紧，回收截断,"copper scrap, sorted, pressed, Recycled Content cut-off",废铜，分类，压制,Cut-off,全球,kg,0,
42051882680381456,42051879093989395,41524144274399237,42025820243324933,26336156619794951,回收利用,"HiQ | 生产 | 铜, 废铜回收, 再生","HiQ | Production | Copper, copper scrap recycling, regeneration",阴极铜,Cut-off,中国,kg,0.335096781571779,温室气体-产品碳足迹-量化要求和指南
42051882680381457,42051879093989395,41524144274399237,42025820243324933,26336156619794952,回收利用,"HiQ | 生产 | 铜粉, 废铜回收, 再生","HiQ | Production | Copper powder, copper scrap recycling, regeneration",粗铜,Cut-off,中国,kg,0.208353220263653,温室气体-产品碳足迹-量化要求和指南
42051882680381458,42051879093989395,41524144274399237,42025820243324933,26336156619794999,回收利用,"HiQ | 生产 | 退役三元锂电池, 再生利用, 循环再造回收","HiQ | Production | Used ternary lithium battery, recycling and reuse",阴极铜,Cut-off,中国,kg,2.98546239423389,温室气体-产品碳足迹-量化要求和指南
42051882680381459,42051879093989395,41524144274399237,42025820243324933,26336156619795006,回收利用,"HiQ | 生产 | 退役三元锂电池, 再生利用, 定向循环回收","HiQ | Production | Used ternary lithium battery,? directional recycling",阴极铜,Cut-off,中国,kg,13.0094831291271,温室气体-产品碳足迹-量化要求和指南
