ID,匹配关系ID,版本ID,物料项ID,*基本流ID,基本流名称（中文）,基本流名称（英文）,基本流分类,流类型,单位（英文）
42618945428643848,42618945419993099,41524144274399237,42433951606104080,41705996354338824,非危险废物处置,Non-hazardous waste disposed,清单指标/废弃物,特殊资源指标,kg
46641625663856647,46641625617981458,41524144274399237,45219317083369479,41705996354338823,回收用材料,Materials for recycling,清单指标/输出流,特殊资源指标,kg
46641625663856646,46641625617981457,41524144274399237,45219317081796623,41705996354338823,回收用材料,Materials for recycling,清单指标/输出流,特殊资源指标,kg
46641625663856645,46641625617981456,41524144274399237,45219317082583056,41705996354338823,回收用材料,Materials for recycling,清单指标/输出流,特殊资源指标,kg
46641625663594517,46641625617981455,41524144274399237,45219317082320901,41705996354338823,回收用材料,Materials for recycling,清单指标/输出流,特殊资源指标,kg
46641625663594516,46641625617981454,41524144274399237,45219317083369480,41705996354338824,非危险废物处置,Non-hazardous waste disposed,清单指标/废弃物,特殊资源指标,kg
46641625663594515,46641625617981453,41524144274399237,45219317082058757,41705996354338824,非危险废物处置,Non-hazardous waste disposed,清单指标/废弃物,特殊资源指标,kg
46641625663594514,46641625617981452,41524144274399237,45219317082583057,41705996354338824,非危险废物处置,Non-hazardous waste disposed,清单指标/废弃物,特殊资源指标,kg
46641625663594513,46641625617981451,41524144274399237,45219317082320902,41705996354338824,非危险废物处置,Non-hazardous waste disposed,清单指标/废弃物,特殊资源指标,kg
46641625663594503,46641625617981450,41524144274399237,45219317085466629,41705996954648591,乙烷,Ethane,排放到空气/未指定,基本流,kg
46641625663594504,46641625617981450,41524144274399237,45219317085466629,41705996954648592,乙烷,Ethane,排放到空气/城市近地空气,基本流,kg
46641625663332374,46641625617981450,41524144274399237,45219317085466629,41705996954648593,乙烷,Ethane,排放到空气/低人口密度，长期,基本流,kg
46641625663594502,46641625617981450,41524144274399237,45219317085466629,41705996954910725,乙烷,Ethane,排放到空气/非城市空气或来自高烟囱的气体,基本流,kg
46641625663594501,46641625617981450,41524144274399237,45219317085466629,41705996954910726,乙烷,Ethane,排放到空气/平流层下部 + 对流层上部,基本流,kg
46641625663332359,46641625617981449,41524144274399237,45219317083107339,41705996381601806,一氧化碳，化石源,"Carbon monoxide, fossil",排放到空气/低人口密度，长期,基本流,kg
46641625663332362,46641625617981449,41524144274399237,45219317083107339,41705996381601807,一氧化碳，化石源,"Carbon monoxide, fossil",排放到空气/未指定,基本流,kg
46641625663332363,46641625617981449,41524144274399237,45219317083107339,41705996381601808,一氧化碳，化石源,"Carbon monoxide, fossil",排放到空气/城市近地空气,基本流,kg
46641625663332361,46641625617981449,41524144274399237,45219317083107339,41705996381601809,一氧化碳，化石源,"Carbon monoxide, fossil",排放到空气/非城市空气或来自高烟囱的气体,基本流,kg
46641625663332360,46641625617981449,41524144274399237,45219317083107339,41705996381601810,一氧化碳，化石源,"Carbon monoxide, fossil",排放到空气/平流层下部 + 对流层上部,基本流,kg
46641625663332367,46641625617981449,41524144274399237,45219317083107339,41705996381863941,一氧化碳，来自土壤或生物质,"Carbon monoxide, from soil or biomass stock",排放到空气/未指定,基本流,kg
46641625663332365,46641625617981449,41524144274399237,45219317083107339,41705996381863942,一氧化碳，来自土壤或生物质,"Carbon monoxide, from soil or biomass stock",排放到空气/平流层下部 + 对流层上部,基本流,kg
46641625663332368,46641625617981449,41524144274399237,45219317083107339,41705996381863943,一氧化碳，来自土壤或生物质,"Carbon monoxide, from soil or biomass stock",排放到空气/城市近地空气,基本流,kg
46641625663332366,46641625617981449,41524144274399237,45219317083107339,41705996381863944,一氧化碳，来自土壤或生物质,"Carbon monoxide, from soil or biomass stock",排放到空气/非城市空气或来自高烟囱的气体,基本流,kg
46641625663332364,46641625617981449,41524144274399237,45219317083107339,41705996381863945,一氧化碳，来自土壤或生物质,"Carbon monoxide, from soil or biomass stock",排放到空气/低人口密度，长期,基本流,kg
46641625663332369,46641625617981449,41524144274399237,45219317083107339,41705996381863946,一氧化碳，非化石源,"Carbon monoxide, non-fossil",排放到空气/低人口密度，长期,基本流,kg
46641625663332370,46641625617981449,41524144274399237,45219317083107339,41705996381863947,一氧化碳，非化石源,"Carbon monoxide, non-fossil",排放到空气/平流层下部 + 对流层上部,基本流,kg
46641625663332371,46641625617981449,41524144274399237,45219317083107339,41705996381863948,一氧化碳，非化石源,"Carbon monoxide, non-fossil",排放到空气/非城市空气或来自高烟囱的气体,基本流,kg
46641625663332372,46641625617981449,41524144274399237,45219317083107339,41705996381863949,一氧化碳，非化石源,"Carbon monoxide, non-fossil",排放到空气/未指定,基本流,kg
46641625663332373,46641625617981449,41524144274399237,45219317083107339,41705996381863950,一氧化碳，非化石源,"Carbon monoxide, non-fossil",排放到空气/城市近地空气,基本流,kg
46641625663070224,46641625617981448,41524144274399237,45219317085466630,41705996940230665,氯仿,Chloroform,排放到空气/未指定,基本流,kg
46641625663070227,46641625617981448,41524144274399237,45219317085466630,41705996940230666,氯仿,Chloroform,排放到水/地下-，长期,基本流,kg
46641625663070225,46641625617981448,41524144274399237,45219317085466630,41705996940230667,氯仿,Chloroform,排放到空气/城市近地空气,基本流,kg
46641625663332358,46641625617981448,41524144274399237,45219317085466630,41705996940492805,氯仿,Chloroform,排放到水/未指定,基本流,kg
46641625663070222,46641625617981448,41524144274399237,45219317085466630,41705996940492806,氯仿,Chloroform,排放到空气/平流层下部 + 对流层上部,基本流,kg
46641625663070228,46641625617981448,41524144274399237,45219317085466630,41705996940492807,氯仿,Chloroform,排放到水/海洋,基本流,kg
46641625663070226,46641625617981448,41524144274399237,45219317085466630,41705996940492808,氯仿,Chloroform,排放到水/地下-,基本流,kg
46641625663070223,46641625617981448,41524144274399237,45219317085466630,41705996940492809,氯仿,Chloroform,排放到空气/非城市空气或来自高烟囱的气体,基本流,kg
46641625663070221,46641625617981448,41524144274399237,45219317085466630,41705996940492810,氯仿,Chloroform,排放到空气/低人口密度，长期,基本流,kg
46641625663332357,46641625617981448,41524144274399237,45219317085466630,41705996940492811,氯仿,Chloroform,排放到水/地表水,基本流,kg
46641625663070220,46641625617981447,41524144274399237,45219317083893765,41705997530578954,二氯甲烷,"Methane, dichloro-, HCC-30",排放到水/未指定,基本流,kg
46641625663070219,46641625617981447,41524144274399237,45219317083893765,41705997530578955,二氯甲烷,"Methane, dichloro-, HCC-30",排放到水/地表水,基本流,kg
46641625663070214,46641625617981447,41524144274399237,45219317083893765,41705997530578956,二氯甲烷,"Methane, dichloro-, HCC-30",排放到空气/未指定,基本流,kg
46641625663070216,46641625617981447,41524144274399237,45219317083893765,41705997530578957,二氯甲烷,"Methane, dichloro-, HCC-30",排放到水/地下-,基本流,kg
46641625662808071,46641625617981447,41524144274399237,45219317083893765,41705997530578958,二氯甲烷,"Methane, dichloro-, HCC-30",排放到空气/平流层下部 + 对流层上部,基本流,kg
46641625663070218,46641625617981447,41524144274399237,45219317083893765,41705997530578959,二氯甲烷,"Methane, dichloro-, HCC-30",排放到水/海洋,基本流,kg
46641625662808070,46641625617981447,41524144274399237,45219317083893765,41705997530841093,二氯甲烷,"Methane, dichloro-, HCC-30",排放到空气/低人口密度，长期,基本流,kg
46641625663070213,46641625617981447,41524144274399237,45219317083893765,41705997530841094,二氯甲烷,"Methane, dichloro-, HCC-30",排放到空气/非城市空气或来自高烟囱的气体,基本流,kg
46641625663070215,46641625617981447,41524144274399237,45219317083893765,41705997530841095,二氯甲烷,"Methane, dichloro-, HCC-30",排放到空气/城市近地空气,基本流,kg
46641625663070217,46641625617981447,41524144274399237,45219317083893765,41705997530841096,二氯甲烷,"Methane, dichloro-, HCC-30",排放到水/地下-，长期,基本流,kg
46641625663594512,46641625617981446,41524144274399237,45219317091495953,41705996354338823,回收用材料,Materials for recycling,清单指标/输出流,特殊资源指标,kg
46641625663594511,46641625617981445,41524144274399237,45219317089398799,41705996354338823,回收用材料,Materials for recycling,清单指标/输出流,特殊资源指标,kg
46641625663594510,46641625617719319,41524144274399237,45219317089136653,41705996354338823,回收用材料,Materials for recycling,清单指标/输出流,特殊资源指标,kg
46641625663594509,46641625617719318,41524144274399237,45219317090971661,41705996354338824,非危险废物处置,Non-hazardous waste disposed,清单指标/废弃物,特殊资源指标,kg
46641625663594508,46641625617719317,41524144274399237,45219317090971655,41705996354076677,危险废物处置,Hazardous waste disposed,清单指标/废弃物,特殊资源指标,kg
46641625663594507,46641625617719316,41524144274399237,45219317089398800,41705996354338824,非危险废物处置,Non-hazardous waste disposed,清单指标/废弃物,特殊资源指标,kg
46641625663594506,46641625617719315,41524144274399237,45219317089136654,41705996354338824,非危险废物处置,Non-hazardous waste disposed,清单指标/废弃物,特殊资源指标,kg
46641625663594505,46641625617719314,41524144274399237,45219317089923086,41705996354338823,回收用材料,Materials for recycling,清单指标/输出流,特殊资源指标,kg
45745229541814278,45745229522939910,41524144274399237,44631727591247886,41705997531365387,甲烷，化石源,"Methane, fossil",排放到空气/非城市空气或来自高烟囱的气体,基本流,kg
45745229541552133,45745229522939910,41524144274399237,44631727591247886,41705997531365388,甲烷，化石源,"Methane, fossil",排放到空气/城市近地空气,基本流,kg
45745229541814277,45745229522939910,41524144274399237,44631727591247886,41705997531365389,甲烷，化石源,"Methane, fossil",排放到空气/未指定,基本流,kg
45745229541814279,45745229522939910,41524144274399237,44631727591247886,41705997531365390,甲烷，化石源,"Methane, fossil",排放到空气/平流层下部 + 对流层上部,基本流,kg
45745229541814280,45745229522939910,41524144274399237,44631727591247886,41705997531365391,甲烷，化石源,"Methane, fossil",排放到空气/低人口密度，长期,基本流,kg
45745229542076424,45745229522939910,41524144274399237,44631727591247886,41705997531365392,甲烷，来自土壤或生物质存量,"Methane, from soil or biomass stock",排放到空气/未指定,基本流,kg
45745229542076422,45745229522939910,41524144274399237,44631727591247886,41705997531627525,甲烷，来自土壤或生物质存量,"Methane, from soil or biomass stock",排放到空气/平流层下部 + 对流层上部,基本流,kg
45745229542076421,45745229522939910,41524144274399237,44631727591247886,41705997531627526,甲烷，来自土壤或生物质存量,"Methane, from soil or biomass stock",排放到空气/低人口密度，长期,基本流,kg
45745229542076423,45745229522939910,41524144274399237,44631727591247886,41705997531627528,甲烷，来自土壤或生物质存量,"Methane, from soil or biomass stock",排放到空气/非城市空气或来自高烟囱的气体,基本流,kg
45745229542076428,45745229522939910,41524144274399237,44631727591247886,41705997531627534,甲烷，非化石源,"Methane, non-fossil",排放到空气/未指定,基本流,kg
45745229542076425,45745229522939910,41524144274399237,44631727591247886,41705997531627535,甲烷，非化石源,"Methane, non-fossil",排放到空气/低人口密度，长期,基本流,kg
45745229542076427,45745229522939910,41524144274399237,44631727591247886,41705997531627537,甲烷，非化石源,"Methane, non-fossil",排放到空气/非城市空气或来自高烟囱的气体,基本流,kg
45745229542076426,45745229522939910,41524144274399237,44631727591247886,41705997531889669,甲烷，非化石源,"Methane, non-fossil",排放到空气/平流层下部 + 对流层上部,基本流,kg
45745183515881477,45745183513522181,41524144274399237,44631727590461451,41705996354338824,非危险废物处置,Non-hazardous waste disposed,清单指标/废弃物,特殊资源指标,kg
45745183515619334,45745183513260038,41524144274399237,44631727590723589,41705996354338823,回收用材料,Materials for recycling,清单指标/输出流,特殊资源指标,kg
45745123720310790,45745123719262213,41524144274399237,44631727591510021,41705996354076677,危险废物处置,Hazardous waste disposed,清单指标/废弃物,特殊资源指标,kg
45544626241441797,45544626240917509,41524144274399237,44631727587315721,41705996354338824,非危险废物处置,Non-hazardous waste disposed,清单指标/废弃物,特殊资源指标,kg
44994633536204805,44994633534631942,41524144274399237,42138729793462278,41705996354076677,危险废物处置,Hazardous waste disposed,清单指标/废弃物,特殊资源指标,kg
44742865852891147,44742865847648268,41524144274399237,42474577535819781,41705996354076677,危险废物处置,Hazardous waste disposed,清单指标/废弃物,特殊资源指标,kg
44742865852891146,44742865847648267,41524144274399237,42433951604793352,41705996354076677,危险废物处置,Hazardous waste disposed,清单指标/废弃物,特殊资源指标,kg
44742865852891145,44742865847648265,41524144274399237,42474577534246936,41705996354076677,危险废物处置,Hazardous waste disposed,清单指标/废弃物,特殊资源指标,kg
44742865852891144,44742865847648264,41524144274399237,42474577533722631,41705996354076677,危险废物处置,Hazardous waste disposed,清单指标/废弃物,特殊资源指标,kg
44742865852891143,44742865847648263,41524144274399237,42474577531363339,41705996354076677,危险废物处置,Hazardous waste disposed,清单指标/废弃物,特殊资源指标,kg
44742865852891142,44742865847648262,41524144274399237,42474577531363334,41705996354076677,危险废物处置,Hazardous waste disposed,清单指标/废弃物,特殊资源指标,kg
44742600452014085,42051879094775831,41524144274399237,42025820238344198,41705996354338824,非危险废物处置,Non-hazardous waste disposed,清单指标/废弃物,特殊资源指标,kg
44739777518960645,44739777471512582,41524144274399237,42474577540014101,41705996354076677,危险废物处置,Hazardous waste disposed,清单指标/废弃物,特殊资源指标,kg
44739777474396167,44739777471512581,41524144274399237,42474577540538374,41705996354076677,危险废物处置,Hazardous waste disposed,清单指标/废弃物,特殊资源指标,kg
44739777474396166,44739777453162502,41524144274399237,42474577537916938,41705996354076677,危险废物处置,Hazardous waste disposed,清单指标/废弃物,特殊资源指标,kg
43289517186117637,43289517155446790,41524144274399237,42474577543946262,41705997519044623,盐酸,Hydrochloric acid,排放到空气/低人口密度，长期,基本流,kg
43289517185855494,43289517155446790,41524144274399237,42474577543946262,41705997519306757,盐酸,Hydrochloric acid,排放到空气/城市近地空气,基本流,kg
43289517186117641,43289517155446790,41524144274399237,42474577543946262,41705997519306758,盐酸,Hydrochloric acid,排放到水/未指定,基本流,kg
43289517186117638,43289517155446790,41524144274399237,42474577543946262,41705997519306759,盐酸,Hydrochloric acid,排放到空气/平流层下部 + 对流层上部,基本流,kg
43289517186117640,43289517155446790,41524144274399237,42474577543946262,41705997519306760,盐酸,Hydrochloric acid,排放到空气/未指定,基本流,kg
43289517186117639,43289517155446790,41524144274399237,42474577543946262,41705997519306761,盐酸,Hydrochloric acid,排放到空气/非城市空气或来自高烟囱的气体,基本流,kg
43289517186379789,43289517155446789,41524144274399237,42474577542373381,41705997517996040,碳氢化合物，脂肪族，烷烃，环状,"Hydrocarbons, aliphatic, alkanes, cyclic",排放到空气/平流层下部 + 对流层上部,基本流,kg
43289517186379790,43289517155446789,41524144274399237,42474577542373381,41705997517996041,碳氢化合物，脂肪族，烷烃，环状,"Hydrocarbons, aliphatic, alkanes, cyclic",排放到空气/非城市空气或来自高烟囱的气体,基本流,kg
43289517186379792,43289517155446789,41524144274399237,42474577542373381,41705997517996042,碳氢化合物，脂肪族，烷烃，环状,"Hydrocarbons, aliphatic, alkanes, cyclic",排放到空气/城市近地空气,基本流,kg
43289517186379800,43289517155446789,41524144274399237,42474577542373381,41705997517996043,碳氢化合物，脂肪族，烷烃，环状,"Hydrocarbons, aliphatic, alkanes, cyclic",排放到空气/低人口密度，长期,基本流,kg
43289517186379791,43289517155446789,41524144274399237,42474577542373381,41705997517996044,碳氢化合物，脂肪族，烷烃，环状,"Hydrocarbons, aliphatic, alkanes, cyclic",排放到空气/未指定,基本流,kg
43289517186379795,43289517155446789,41524144274399237,42474577542373381,41705997518258181,碳氢化合物，脂肪族，烷烃，未指定,"Hydrocarbons, aliphatic, alkanes, unspecified",排放到空气/非城市空气或来自高烟囱的气体,基本流,kg
43289517186379797,43289517155446789,41524144274399237,42474577542373381,41705997518258182,碳氢化合物，脂肪族，烷烃，未指定,"Hydrocarbons, aliphatic, alkanes, unspecified",排放到空气/城市近地空气,基本流,kg
43289517186379788,43289517155446789,41524144274399237,42474577542373381,41705997518258183,碳氢化合物，脂肪族，烷烃，未指定,"Hydrocarbons, aliphatic, alkanes, unspecified",排放到水/海洋,基本流,kg
43289517186379799,43289517155446789,41524144274399237,42474577542373381,41705997518258184,碳氢化合物，脂肪族，烷烃，未指定,"Hydrocarbons, aliphatic, alkanes, unspecified",排放到水/地下-，长期,基本流,kg
43289517186379796,43289517155446789,41524144274399237,42474577542373381,41705997518258185,碳氢化合物，脂肪族，烷烃，未指定,"Hydrocarbons, aliphatic, alkanes, unspecified",排放到空气/未指定,基本流,kg
43289517186379793,43289517155446789,41524144274399237,42474577542373381,41705997518258186,碳氢化合物，脂肪族，烷烃，未指定,"Hydrocarbons, aliphatic, alkanes, unspecified",排放到空气/低人口密度，长期,基本流,kg
43289517186379802,43289517155446789,41524144274399237,42474577542373381,41705997518258187,碳氢化合物，脂肪族，烷烃，未指定,"Hydrocarbons, aliphatic, alkanes, unspecified",排放到水/未指定,基本流,kg
43289517186379794,43289517155446789,41524144274399237,42474577542373381,41705997518258188,碳氢化合物，脂肪族，烷烃，未指定,"Hydrocarbons, aliphatic, alkanes, unspecified",排放到空气/平流层下部 + 对流层上部,基本流,kg
43289517186379801,43289517155446789,41524144274399237,42474577542373381,41705997518258189,碳氢化合物，脂肪族，烷烃，未指定,"Hydrocarbons, aliphatic, alkanes, unspecified",排放到水/地表水,基本流,kg
43289517186379798,43289517155446789,41524144274399237,42474577542373381,41705997518520325,碳氢化合物，脂肪族，烷烃，未指定,"Hydrocarbons, aliphatic, alkanes, unspecified",排放到水/地下-,基本流,kg
43289517186641928,43289517155446789,41524144274399237,42474577542373381,41705997518520326,碳氢化合物，脂肪族，不饱和,"Hydrocarbons, aliphatic, unsaturated",排放到水/地下-，长期,基本流,kg
43289517186641926,43289517155446789,41524144274399237,42474577542373381,41705997518520327,碳氢化合物，脂肪族，不饱和,"Hydrocarbons, aliphatic, unsaturated",排放到空气/城市近地空气,基本流,kg
43289517186641927,43289517155446789,41524144274399237,42474577542373381,41705997518520328,碳氢化合物，脂肪族，不饱和,"Hydrocarbons, aliphatic, unsaturated",排放到水/地下-,基本流,kg
43289517186379805,43289517155446789,41524144274399237,42474577542373381,41705997518520329,碳氢化合物，脂肪族，不饱和,"Hydrocarbons, aliphatic, unsaturated",排放到空气/非城市空气或来自高烟囱的气体,基本流,kg
43289517186641929,43289517155446789,41524144274399237,42474577542373381,41705997518520330,碳氢化合物，脂肪族，不饱和,"Hydrocarbons, aliphatic, unsaturated",排放到水/海洋,基本流,kg
43289517186379804,43289517155446789,41524144274399237,42474577542373381,41705997518520331,碳氢化合物，脂肪族，不饱和,"Hydrocarbons, aliphatic, unsaturated",排放到空气/平流层下部 + 对流层上部,基本流,kg
43289517186641925,43289517155446789,41524144274399237,42474577542373381,41705997518520332,碳氢化合物，脂肪族，不饱和,"Hydrocarbons, aliphatic, unsaturated",排放到空气/未指定,基本流,kg
43289517186641930,43289517155446789,41524144274399237,42474577542373381,41705997518520333,碳氢化合物，脂肪族，不饱和,"Hydrocarbons, aliphatic, unsaturated",排放到水/地表水,基本流,kg
43289517186379803,43289517155446789,41524144274399237,42474577542373381,41705997518520334,碳氢化合物，脂肪族，不饱和,"Hydrocarbons, aliphatic, unsaturated",排放到空气/低人口密度，长期,基本流,kg
43289517186117654,43289517155446789,41524144274399237,42474577542373381,41705997518782469,碳氢化合物，脂肪族，不饱和,"Hydrocarbons, aliphatic, unsaturated",排放到水/未指定,基本流,kg
43289517186117644,43289517155446789,41524144274399237,42474577542373381,41705997518782470,碳氢化合物，芳香族,"Hydrocarbons, aromatic",排放到空气/平流层下部 + 对流层上部,基本流,kg
43289517186117648,43289517155446789,41524144274399237,42474577542373381,41705997518782471,碳氢化合物，芳香族,"Hydrocarbons, aromatic",排放到水/地下-,基本流,kg
43289517186117650,43289517155446789,41524144274399237,42474577542373381,41705997518782472,碳氢化合物，芳香族,"Hydrocarbons, aromatic",排放到水/海洋,基本流,kg
43289517186117646,43289517155446789,41524144274399237,42474577542373381,41705997518782473,碳氢化合物，芳香族,"Hydrocarbons, aromatic",排放到空气/未指定,基本流,kg
43289517186117645,43289517155446789,41524144274399237,42474577542373381,41705997518782474,碳氢化合物，芳香族,"Hydrocarbons, aromatic",排放到空气/非城市空气或来自高烟囱的气体,基本流,kg
43289517186117647,43289517155446789,41524144274399237,42474577542373381,41705997518782475,碳氢化合物，芳香族,"Hydrocarbons, aromatic",排放到空气/城市近地空气,基本流,kg
43289517186117649,43289517155446789,41524144274399237,42474577542373381,41705997518782476,碳氢化合物，芳香族,"Hydrocarbons, aromatic",排放到水/地下-，长期,基本流,kg
43289517186117643,43289517155446789,41524144274399237,42474577542373381,41705997518782477,碳氢化合物，芳香族,"Hydrocarbons, aromatic",排放到空气/低人口密度，长期,基本流,kg
43289517186117652,43289517155446789,41524144274399237,42474577542373381,41705997518782478,碳氢化合物，芳香族,"Hydrocarbons, aromatic",排放到水/未指定,基本流,kg
43289517186117651,43289517155446789,41524144274399237,42474577542373381,41705997518782479,碳氢化合物，芳香族,"Hydrocarbons, aromatic",排放到水/地表水,基本流,kg
43289517186117655,43289517155446789,41524144274399237,42474577542373381,41705997518782480,碳氢化合物，氯化,"Hydrocarbons, chlorinated",排放到空气/非城市空气或来自高烟囱的气体,基本流,kg
43289517186117656,43289517155446789,41524144274399237,42474577542373381,41705997518782481,碳氢化合物，氯化,"Hydrocarbons, chlorinated",排放到空气/未指定,基本流,kg
43289517186117642,43289517155446789,41524144274399237,42474577542373381,41705997518782482,碳氢化合物，氯化,"Hydrocarbons, chlorinated",排放到空气/平流层下部 + 对流层上部,基本流,kg
43289517186117657,43289517155446789,41524144274399237,42474577542373381,41705997519044613,碳氢化合物，氯化,"Hydrocarbons, chlorinated",排放到空气/城市近地空气,基本流,kg
43289517186117653,43289517155446789,41524144274399237,42474577542373381,41705997519044614,碳氢化合物，氯化,"Hydrocarbons, chlorinated",排放到空气/低人口密度，长期,基本流,kg
43289517186379783,43289517155446789,41524144274399237,42474577542373381,41705997519044615,碳氢化合物，未指定,"Hydrocarbons, unspecified",排放到水/地下-,基本流,kg
43289517186117658,43289517155446789,41524144274399237,42474577542373381,41705997519044616,碳氢化合物，未指定,"Hydrocarbons, unspecified",排放到空气/非城市空气或来自高烟囱的气体,基本流,kg
43289517186379782,43289517155446789,41524144274399237,42474577542373381,41705997519044617,碳氢化合物，未指定,"Hydrocarbons, unspecified",排放到土壤/未指定,基本流,kg
43289517186379785,43289517155446789,41524144274399237,42474577542373381,41705997519044618,碳氢化合物，未指定,"Hydrocarbons, unspecified",排放到水/海洋,基本流,kg
43289517186379781,43289517155446789,41524144274399237,42474577542373381,41705997519044619,碳氢化合物，未指定,"Hydrocarbons, unspecified",排放到土壤/农业,基本流,kg
43289517186379784,43289517155446789,41524144274399237,42474577542373381,41705997519044620,碳氢化合物，未指定,"Hydrocarbons, unspecified",排放到水/地下-，长期,基本流,kg
43289517186379786,43289517155446789,41524144274399237,42474577542373381,41705997519044621,碳氢化合物，未指定,"Hydrocarbons, unspecified",排放到水/地表水,基本流,kg
43289517186379787,43289517155446789,41524144274399237,42474577542373381,41705997519044622,碳氢化合物，未指定,"Hydrocarbons, unspecified",排放到水/未指定,基本流,kg
43274789174931470,43274789141639174,41524144274399237,42474577541324806,41705996354338824,非危险废物处置,Non-hazardous waste disposed,清单指标/废弃物,特殊资源指标,kg
43274789174931469,43274789141639173,41524144274399237,42474577541062672,41705996354338824,非危险废物处置,Non-hazardous waste disposed,清单指标/废弃物,特殊资源指标,kg
43274789174931468,43274789141377052,41524144274399237,42474577541062669,41705996354338824,非危险废物处置,Non-hazardous waste disposed,清单指标/废弃物,特殊资源指标,kg
43274789174931467,43274789141377051,41524144274399237,42474577541062666,41705996354338824,非危险废物处置,Non-hazardous waste disposed,清单指标/废弃物,特殊资源指标,kg
43274789174931466,43274789141377050,41524144274399237,42474577541062663,41705996354338824,非危险废物处置,Non-hazardous waste disposed,清单指标/废弃物,特殊资源指标,kg
43274789174931465,43274789141377049,41524144274399237,42474577540800529,41705996354338824,非危险废物处置,Non-hazardous waste disposed,清单指标/废弃物,特殊资源指标,kg
43274789174931464,43274789141377048,41524144274399237,42474577540800527,41705996354338824,非危险废物处置,Non-hazardous waste disposed,清单指标/废弃物,特殊资源指标,kg
43274789174931463,43274789141377047,41524144274399237,42474577540800526,41705996354076677,危险废物处置,Hazardous waste disposed,清单指标/废弃物,特殊资源指标,kg
43274789174931462,43274789141377046,41524144274399237,42474577540800524,41705996354338824,非危险废物处置,Non-hazardous waste disposed,清单指标/废弃物,特殊资源指标,kg
43274789174931461,43274789141377045,41524144274399237,42474577540800521,41705996354338824,非危险废物处置,Non-hazardous waste disposed,清单指标/废弃物,特殊资源指标,kg
43274789174669327,43274789141377044,41524144274399237,42474577540800519,41705996354338824,非危险废物处置,Non-hazardous waste disposed,清单指标/废弃物,特殊资源指标,kg
43274789174669326,43274789141377043,41524144274399237,42474577540800517,41705996354338824,非危险废物处置,Non-hazardous waste disposed,清单指标/废弃物,特殊资源指标,kg
43274789174669325,43274789141377042,41524144274399237,42474577540538386,41705996354338824,非危险废物处置,Non-hazardous waste disposed,清单指标/废弃物,特殊资源指标,kg
43274789174669324,43274789141377041,41524144274399237,42433951605055500,41705996354076677,危险废物处置,Hazardous waste disposed,清单指标/废弃物,特殊资源指标,kg
43274789174669323,43274789141377040,41524144274399237,42474577540538385,41705996354076677,危险废物处置,Hazardous waste disposed,清单指标/废弃物,特殊资源指标,kg
43274789174669322,43274789141377039,41524144274399237,42474577540538384,41705996354076677,危险废物处置,Hazardous waste disposed,清单指标/废弃物,特殊资源指标,kg
43274789174669321,43274789141377038,41524144274399237,42474577540538383,41705996354338824,非危险废物处置,Non-hazardous waste disposed,清单指标/废弃物,特殊资源指标,kg
43274789174669320,43274789141377037,41524144274399237,42474577540538381,41705996354338824,非危险废物处置,Non-hazardous waste disposed,清单指标/废弃物,特殊资源指标,kg
43274789174669319,43274789141377036,41524144274399237,42474577531363333,41705996354076677,危险废物处置,Hazardous waste disposed,清单指标/废弃物,特殊资源指标,kg
43274789174669318,43274789141377035,41524144274399237,42474577540538376,41705996354076677,危险废物处置,Hazardous waste disposed,清单指标/废弃物,特殊资源指标,kg
43274789174669317,43274789141377034,41524144274399237,42474577540538375,41705996354076677,危险废物处置,Hazardous waste disposed,清单指标/废弃物,特殊资源指标,kg
43274789174931471,43274789140328469,41524144274399237,42474577610268691,41705996366135302,铝，24%铝土矿中，11%原矿中,"Aluminium, 24% in bauxite, 11% in crude ore",自然资源/地下,基本流,kg
43274789174931475,43274789138231323,41524144274399237,42474577542111247,41705998786248712,二氧化硫,Sulfur dioxide,排放到空气/未指定,基本流,kg
43274789174931473,43274789138231323,41524144274399237,42474577542111247,41705998786510853,二氧化硫,Sulfur dioxide,排放到空气/平流层下部 + 对流层上部,基本流,kg
43274789174931472,43274789138231323,41524144274399237,42474577542111247,41705998786510854,二氧化硫,Sulfur dioxide,排放到空气/低人口密度，长期,基本流,kg
43274789174931474,43274789138231323,41524144274399237,42474577542111247,41705998786510855,二氧化硫,Sulfur dioxide,排放到空气/非城市空气或来自高烟囱的气体,基本流,kg
43274789174931476,43274789138231323,41524144274399237,42474577542111247,41705998786510856,二氧化硫,Sulfur dioxide,排放到空气/城市近地空气,基本流,kg
43273247282982923,43273247234224133,41524144274399237,42162675838623750,41705996354076677,危险废物处置,Hazardous waste disposed,清单指标/废弃物,特殊资源指标,kg
43273247282982922,43273247233962001,41524144274399237,42614633777717263,41705996354338824,非危险废物处置,Non-hazardous waste disposed,清单指标/废弃物,特殊资源指标,kg
43273247282982921,43273247233962000,41524144274399237,42555803949719558,41705996354076677,危险废物处置,Hazardous waste disposed,清单指标/废弃物,特殊资源指标,kg
43273247282982920,43273247233961999,41524144274399237,42555793429618693,41705996354338824,非危险废物处置,Non-hazardous waste disposed,清单指标/废弃物,特殊资源指标,kg
43273247282982919,43273247233961998,41524144274399237,42555756467744774,41705996354338824,非危险废物处置,Non-hazardous waste disposed,清单指标/废弃物,特殊资源指标,kg
43273247282982918,43273247233961997,41524144274399237,42474577609220114,41705996354076677,危险废物处置,Hazardous waste disposed,清单指标/废弃物,特殊资源指标,kg
43273247282982917,43273247233961996,41524144274399237,42474577609220112,41705996354338824,非危险废物处置,Non-hazardous waste disposed,清单指标/废弃物,特殊资源指标,kg
43273247282720785,43273247233961995,41524144274399237,42474577609220110,41705996354338824,非危险废物处置,Non-hazardous waste disposed,清单指标/废弃物,特殊资源指标,kg
43273247282720784,43273247233961994,41524144274399237,42474577543421969,41705996354338824,非危险废物处置,Non-hazardous waste disposed,清单指标/废弃物,特殊资源指标,kg
43273247282720783,43273247233961993,41524144274399237,42474577543421967,41705996354338824,非危险废物处置,Non-hazardous waste disposed,清单指标/废弃物,特殊资源指标,kg
43273247282720782,43273247233961992,41524144274399237,42474577543421966,41705996354338824,非危险废物处置,Non-hazardous waste disposed,清单指标/废弃物,特殊资源指标,kg
43273247282720781,43273247233961991,41524144274399237,42474577543421965,41705996354076677,危险废物处置,Hazardous waste disposed,清单指标/废弃物,特殊资源指标,kg
43273247282720780,43273247233961990,41524144274399237,42474577543421964,41705996354076677,危险废物处置,Hazardous waste disposed,清单指标/废弃物,特殊资源指标,kg
43273247282720779,43273247233961989,41524144274399237,42474577543421963,41705996354076677,危险废物处置,Hazardous waste disposed,清单指标/废弃物,特殊资源指标,kg
43273247282720778,43273247233699857,41524144274399237,42474577543421961,41705996354338824,非危险废物处置,Non-hazardous waste disposed,清单指标/废弃物,特殊资源指标,kg
43273247282720777,43273247233699856,41524144274399237,42474577543421958,41705996354338824,非危险废物处置,Non-hazardous waste disposed,清单指标/废弃物,特殊资源指标,kg
43273247282720776,43273247233699855,41524144274399237,42474577543159828,41705996354076677,危险废物处置,Hazardous waste disposed,清单指标/废弃物,特殊资源指标,kg
43273247282720775,43273247233699854,41524144274399237,42474577543159827,41705996354338824,非危险废物处置,Non-hazardous waste disposed,清单指标/废弃物,特殊资源指标,kg
43273247282720774,43273247233699853,41524144274399237,42474577542635532,41705996354338824,非危险废物处置,Non-hazardous waste disposed,清单指标/废弃物,特殊资源指标,kg
43273247282720773,43273247233699852,41524144274399237,42474577543159826,41705996354076677,危险废物处置,Hazardous waste disposed,清单指标/废弃物,特殊资源指标,kg
43273247282458640,43273247233699851,41524144274399237,42474577543159824,41705996354338824,非危险废物处置,Non-hazardous waste disposed,清单指标/废弃物,特殊资源指标,kg
43273247282458639,43273247233699850,41524144274399237,42474577542635534,41705996354076677,危险废物处置,Hazardous waste disposed,清单指标/废弃物,特殊资源指标,kg
43273247282458638,43273247233699849,41524144274399237,42474577542635529,41705996354338824,非危险废物处置,Non-hazardous waste disposed,清单指标/废弃物,特殊资源指标,kg
43273247282458637,43273247233699848,41524144274399237,43272158162743301,41705996354338824,非危险废物处置,Non-hazardous waste disposed,清单指标/废弃物,特殊资源指标,kg
43273247282458636,43273247233699847,41524144274399237,42474577542635526,41705996354338824,非危险废物处置,Non-hazardous waste disposed,清单指标/废弃物,特殊资源指标,kg
43273247282458635,43273247233699846,41524144274399237,42474577542635525,41705996354076677,危险废物处置,Hazardous waste disposed,清单指标/废弃物,特殊资源指标,kg
43273247282458634,43273247233699845,41524144274399237,42474577542373392,41705996354338824,非危险废物处置,Non-hazardous waste disposed,清单指标/废弃物,特殊资源指标,kg
43273247282458633,43273247233437713,41524144274399237,42474577542373389,41705996354338824,非危险废物处置,Non-hazardous waste disposed,清单指标/废弃物,特殊资源指标,kg
43273247282458632,43273247233437712,41524144274399237,42474577542897686,41705996354338824,非危险废物处置,Non-hazardous waste disposed,清单指标/废弃物,特殊资源指标,kg
43273247282458631,43273247233437711,41524144274399237,42474577542373386,41705996354076677,危险废物处置,Hazardous waste disposed,清单指标/废弃物,特殊资源指标,kg
43273247282458630,43273247233437710,41524144274399237,42474577542373384,41705996354338824,非危险废物处置,Non-hazardous waste disposed,清单指标/废弃物,特殊资源指标,kg
43273247282458629,43273247232913420,41524144274399237,42614633777717264,41705996354338823,回收用材料,Materials for recycling,清单指标/输出流,特殊资源指标,kg
43273247282196498,43273247232913419,41524144274399237,42474577609220113,41705996354338823,回收用材料,Materials for recycling,清单指标/输出流,特殊资源指标,kg
43273247282196497,43273247232913418,41524144274399237,42474577543684101,41705996354338823,回收用材料,Materials for recycling,清单指标/输出流,特殊资源指标,kg
43273247282196496,43273247232913417,41524144274399237,42474577543421968,41705996354338823,回收用材料,Materials for recycling,清单指标/输出流,特殊资源指标,kg
43273247282196495,43273247232913416,41524144274399237,42474577543421960,41705996354338823,回收用材料,Materials for recycling,清单指标/输出流,特殊资源指标,kg
43273247282196494,43273247232913415,41524144274399237,42474577543421957,41705996354338823,回收用材料,Materials for recycling,清单指标/输出流,特殊资源指标,kg
43273247282196493,43273247232913414,41524144274399237,42474577543159823,41705996354338823,回收用材料,Materials for recycling,清单指标/输出流,特殊资源指标,kg
43273247282196492,43273247232913413,41524144274399237,42474577542635531,41705996354338823,回收用材料,Materials for recycling,清单指标/输出流,特殊资源指标,kg
43273247282196491,43273247232651280,41524144274399237,43272158162481157,41705996354338823,回收用材料,Materials for recycling,清单指标/输出流,特殊资源指标,kg
43273247282196490,43273247232651279,41524144274399237,42474577542373391,41705996354338823,回收用材料,Materials for recycling,清单指标/输出流,特殊资源指标,kg
43273247282196489,43273247232651278,41524144274399237,42474577542373388,41705996354338823,回收用材料,Materials for recycling,清单指标/输出流,特殊资源指标,kg
43273247282196488,43273247232651277,41524144274399237,42474577541849101,41705996354338823,回收用材料,Materials for recycling,清单指标/输出流,特殊资源指标,kg
43273247282196487,43273247232651276,41524144274399237,42474577541324805,41705996354338823,回收用材料,Materials for recycling,清单指标/输出流,特殊资源指标,kg
43273247282196486,43273247232651275,41524144274399237,42474577541062671,41705996354338823,回收用材料,Materials for recycling,清单指标/输出流,特殊资源指标,kg
43273247282196485,43273247232651274,41524144274399237,42474577541062668,41705996354338823,回收用材料,Materials for recycling,清单指标/输出流,特殊资源指标,kg
43273247281934346,43273247232651273,41524144274399237,42474577541062665,41705996354338823,回收用材料,Materials for recycling,清单指标/输出流,特殊资源指标,kg
43273247281934345,43273247232651272,41524144274399237,42474577541062662,41705996354338823,回收用材料,Materials for recycling,清单指标/输出流,特殊资源指标,kg
43273247281934344,43273247232651271,41524144274399237,42474577540800528,41705996354338823,回收用材料,Materials for recycling,清单指标/输出流,特殊资源指标,kg
43273247281934343,43273247232651270,41524144274399237,42474577540800523,41705996354338823,回收用材料,Materials for recycling,清单指标/输出流,特殊资源指标,kg
43273247281934342,43273247232651269,41524144274399237,42474577540800520,41705996354338823,回收用材料,Materials for recycling,清单指标/输出流,特殊资源指标,kg
43273247281934341,43273247232389129,41524144274399237,42474577540538387,41705996354338823,回收用材料,Materials for recycling,清单指标/输出流,特殊资源指标,kg
43273247281672197,43273247232389128,41524144274399237,42474577540538380,41705996354338823,回收用材料,Materials for recycling,清单指标/输出流,特殊资源指标,kg
43273247281410054,43273247232126982,41524144274399237,42614633777455115,41705996354600968,二次材料,Secondary materials,清单指标/资源使用,特殊资源指标,kg
42418851082432527,42418851001430031,41524144274399237,42138729791889413,41705997522976775,铁,Iron,自然资源/地下,基本流,kg
42418851082432528,42418851001430031,41524144274399237,42138729791889413,41705997523238925,铁，46%矿石中，25%原矿中,"Iron, 46% in ore, 25% in crude ore",自然资源/地下,基本流,kg
42418851082432529,42418851001430031,41524144274399237,42138729791889413,41705997523238926,铁，72%磁铁矿中，14%原矿中,"Iron, 72% in magnetite, 14% in crude ore",自然资源/地下,基本流,kg
42418851082432530,42418851000905746,41524144274399237,42138729795559430,41705996354338823,回收用材料,Materials for recycling,清单指标/输出流,特殊资源指标,kg
42618945428643850,42618945420517399,41524144274399237,42433951605317649,41705996354076677,危险废物处置,Hazardous waste disposed,清单指标/废弃物,特殊资源指标,kg
42618945428643849,42618945420517396,41524144274399237,42433951605317652,41705996354076677,危险废物处置,Hazardous waste disposed,清单指标/废弃物,特殊资源指标,kg
42618945428643847,42618945419993098,41524144274399237,42433951606104081,41705996354600968,二次材料,Secondary materials,清单指标/资源使用,特殊资源指标,kg
42618945428643846,42618945419993096,41524144274399237,42433951606104085,41705996354076677,危险废物处置,Hazardous waste disposed,清单指标/废弃物,特殊资源指标,kg
42418851082432534,42418851001692174,41524144274399237,42138729798967303,41705996354076677,危险废物处置,Hazardous waste disposed,清单指标/废弃物,特殊资源指标,kg
42418851082432526,42418851001167899,41524144274399237,42138729792937994,41705998787035142,硫氧化物,Sulfur oxides,排放到空气/未指定,基本流,kg
42418851082432522,42418851001167898,41524144274399237,42138729793200133,41705998168113162,氮氧化物,Nitrogen oxides,排放到空气/平流层下部 + 对流层上部,基本流,kg
42418851082432521,42418851001167898,41524144274399237,42138729793200133,41705998168375301,氮氧化物,Nitrogen oxides,排放到空气/低人口密度，长期,基本流,kg
42418851082432525,42418851001167898,41524144274399237,42138729793200133,41705998168375302,氮氧化物,Nitrogen oxides,排放到空气/城市近地空气,基本流,kg
42418851082432523,42418851001167898,41524144274399237,42138729793200133,41705998168375303,氮氧化物,Nitrogen oxides,排放到空气/非城市空气或来自高烟囱的气体,基本流,kg
42418851082432524,42418851001167898,41524144274399237,42138729793200133,41705998168375304,氮氧化物,Nitrogen oxides,排放到空气/未指定,基本流,kg
42418851082170391,42418851001167897,41524144274399237,42138729793200134,41705998174404621,颗粒物，< 2.5微米,"Particulate Matter, < 2.5 um",排放到空气/未指定,基本流,kg
42418851082170390,42418851001167897,41524144274399237,42138729793200134,41705998174666757,颗粒物，< 2.5微米,"Particulate Matter, < 2.5 um",排放到空气/非城市空气或来自高烟囱的气体,基本流,kg
42418851082170389,42418851001167897,41524144274399237,42138729793200134,41705998174666758,颗粒物，< 2.5微米,"Particulate Matter, < 2.5 um",排放到空气/平流层下部 + 对流层上部,基本流,kg
42418851082170388,42418851001167897,41524144274399237,42138729793200134,41705998174666759,颗粒物，< 2.5微米,"Particulate Matter, < 2.5 um",排放到空气/低人口密度，长期,基本流,kg
42418851082170392,42418851001167897,41524144274399237,42138729793200134,41705998174666760,颗粒物，< 2.5微米,"Particulate Matter, < 2.5 um",排放到空气/城市近地空气,基本流,kg
42418851082170394,42418851001167897,41524144274399237,42138729793200134,41705998174666761,颗粒物，> 10 微米,"Particulate Matter, > 10 um",排放到空气/平流层下部 + 对流层上部,基本流,kg
42418851082170393,42418851001167897,41524144274399237,42138729793200134,41705998174666762,颗粒物，> 10 微米,"Particulate Matter, > 10 um",排放到空气/低人口密度，长期,基本流,kg
42418851082170395,42418851001167897,41524144274399237,42138729793200134,41705998174666763,颗粒物，> 10 微米,"Particulate Matter, > 10 um",排放到空气/非城市空气或来自高烟囱的气体,基本流,kg
42418851082170396,42418851001167897,41524144274399237,42138729793200134,41705998174666764,颗粒物，> 10 微米,"Particulate Matter, > 10 um",排放到空气/未指定,基本流,kg
42418851082170397,42418851001167897,41524144274399237,42138729793200134,41705998174666765,颗粒物，> 10 微米,"Particulate Matter, > 10 um",排放到空气/城市近地空气,基本流,kg
42418851082432520,42418851001167897,41524144274399237,42138729793200134,41705998174666766,颗粒物，> 2.5微米且< 10微米,"Particulate Matter, > 2.5 um and < 10um",排放到空气/城市近地空气,基本流,kg
42418851082170398,42418851001167897,41524144274399237,42138729793200134,41705998174666767,颗粒物，> 2.5微米且< 10微米,"Particulate Matter, > 2.5 um and < 10um",排放到空气/低人口密度，长期,基本流,kg
42418851082432518,42418851001167897,41524144274399237,42138729793200134,41705998174928901,颗粒物，> 2.5微米且< 10微米,"Particulate Matter, > 2.5 um and < 10um",排放到空气/非城市空气或来自高烟囱的气体,基本流,kg
42418851082432517,42418851001167897,41524144274399237,42138729793200134,41705998174928902,颗粒物，> 2.5微米且< 10微米,"Particulate Matter, > 2.5 um and < 10um",排放到空气/平流层下部 + 对流层上部,基本流,kg
42418851082432519,42418851001167897,41524144274399237,42138729793200134,41705998174928903,颗粒物，> 2.5微米且< 10微米,"Particulate Matter, > 2.5 um and < 10um",排放到空气/未指定,基本流,kg
42418851082170384,42418851001167896,41524144274399237,42138729793200135,41705996945735694,COD，化学需氧量,"COD, Chemical Oxygen Demand",排放到水/地下-，长期,基本流,kg
42418851082170383,42418851001167896,41524144274399237,42138729793200135,41705996945735695,COD，化学需氧量,"COD, Chemical Oxygen Demand",排放到水/地下-,基本流,kg
42418851082170387,42418851001167896,41524144274399237,42138729793200135,41705996945735696,COD，化学需氧量,"COD, Chemical Oxygen Demand",排放到水/未指定,基本流,kg
42418851082170386,42418851001167896,41524144274399237,42138729793200135,41705996945997829,COD，化学需氧量,"COD, Chemical Oxygen Demand",排放到水/地表水,基本流,kg
42418851082170385,42418851001167896,41524144274399237,42138729793200135,41705996945997830,COD，化学需氧量,"COD, Chemical Oxygen Demand",排放到水/海洋,基本流,kg
42418851082170377,42418851001167895,41524144274399237,42138729793200136,41705998177026055,磷,Phosphorus,排放到土壤/未指定,基本流,kg
42418851082170378,42418851001167895,41524144274399237,42138729793200136,41705998177026057,磷,Phosphorus,排放到水/地下-,基本流,kg
42418851082170381,42418851001167895,41524144274399237,42138729793200136,41705998177026059,磷,Phosphorus,排放到水/地表水,基本流,kg
42418851082170379,42418851001167895,41524144274399237,42138729793200136,41705998177026061,磷,Phosphorus,排放到水/地下-，长期,基本流,kg
42418851082170374,42418851001167895,41524144274399237,42138729793200136,41705998177288197,磷,Phosphorus,排放到土壤/农业,基本流,kg
42418851082170375,42418851001167895,41524144274399237,42138729793200136,41705998177288198,磷,Phosphorus,排放到土壤/林业,基本流,kg
42418851082170376,42418851001167895,41524144274399237,42138729793200136,41705998177288199,磷,Phosphorus,排放到土壤/工业,基本流,kg
42418851082170382,42418851001167895,41524144274399237,42138729793200136,41705998177288200,磷,Phosphorus,排放到水/未指定,基本流,kg
42418851082170380,42418851001167895,41524144274399237,42138729793200136,41705998177288201,磷,Phosphorus,排放到水/海洋,基本流,kg
42418851081908250,42418851001167894,41524144274399237,42138729793200137,41705996945997834,铜离子,Copper ion,排放到水/地下-,基本流,kg
42418851081908247,42418851001167894,41524144274399237,42138729793200137,41705996945997839,铜离子,Copper ion,排放到土壤/林业,基本流,kg
42418851081908248,42418851001167894,41524144274399237,42138729793200137,41705996945997840,铜离子,Copper ion,排放到土壤/工业,基本流,kg
42418851081908252,42418851001167894,41524144274399237,42138729793200137,41705996946259973,铜离子,Copper ion,排放到水/海洋,基本流,kg
42418851081908246,42418851001167894,41524144274399237,42138729793200137,41705996946259974,铜离子,Copper ion,排放到土壤/农业,基本流,kg
42418851081908249,42418851001167894,41524144274399237,42138729793200137,41705996946259975,铜离子,Copper ion,排放到土壤/未指定,基本流,kg
42418851081908253,42418851001167894,41524144274399237,42138729793200137,41705996946259976,铜离子,Copper ion,排放到水/地表水,基本流,kg
42418851081908251,42418851001167894,41524144274399237,42138729793200137,41705996946259977,铜离子,Copper ion,排放到水/地下-，长期,基本流,kg
42418851082170373,42418851001167894,41524144274399237,42138729793200137,41705996946259978,铜离子,Copper ion,排放到水/未指定,基本流,kg
42418851081908237,42418851001167893,41524144274399237,42138729793200138,41705998167326727,氮,Nitrogen,排放到土壤/农业,基本流,kg
42418851081908239,42418851001167893,41524144274399237,42138729793200138,41705998167588870,氮,Nitrogen,排放到土壤/工业,基本流,kg
42418851081908244,42418851001167893,41524144274399237,42138729793200138,41705998167588871,氮,Nitrogen,排放到水/地表水,基本流,kg
42418851081908238,42418851001167893,41524144274399237,42138729793200138,41705998167588872,氮,Nitrogen,排放到土壤/林业,基本流,kg
42418851081908243,42418851001167893,41524144274399237,42138729793200138,41705998167851013,氮,Nitrogen,排放到水/海洋,基本流,kg
42418851081908242,42418851001167893,41524144274399237,42138729793200138,41705998167851014,氮,Nitrogen,排放到水/地下-，长期,基本流,kg
42418851081908245,42418851001167893,41524144274399237,42138729793200138,41705998167851015,氮,Nitrogen,排放到水/未指定,基本流,kg
42418851081908241,42418851001167893,41524144274399237,42138729793200138,41705998167851016,氮,Nitrogen,排放到水/地下-,基本流,kg
42418851081908240,42418851001167893,41524144274399237,42138729793200138,41705998167851017,氮,Nitrogen,排放到土壤/未指定,基本流,kg
42418851081908231,42418851001167892,41524144274399237,42138729793462277,41705996366659589,铵,Ammonium,排放到水/未指定,基本流,kg
42418851081646086,42418851001167892,41524144274399237,42138729793462277,41705996366659590,铵,Ammonium,排放到水/地下-,基本流,kg
42418851081646087,42418851001167892,41524144274399237,42138729793462277,41705996366659591,铵,Ammonium,排放到水/地下-，长期,基本流,kg
42418851081908229,42418851001167892,41524144274399237,42138729793462277,41705996366659592,铵,Ammonium,排放到水/海洋,基本流,kg
42418851081908230,42418851001167892,41524144274399237,42138729793462277,41705996366659593,铵,Ammonium,排放到水/地表水,基本流,kg
42418851082432537,42418851001167890,41524144274399237,42138729793462279,41705996354076677,危险废物处置,Hazardous waste disposed,清单指标/废弃物,特殊资源指标,kg
42418851082432536,42418851001167889,41524144274399237,42138729793724421,41705996354076677,危险废物处置,Hazardous waste disposed,清单指标/废弃物,特殊资源指标,kg
42418851081908233,42418851001167882,41524144274399237,42138729794510856,41705998788083718,悬浮固体，未指定,"Suspended solids, unspecified",排放到水/地下-，长期,基本流,kg
42418851081908236,42418851001167882,41524144274399237,42138729794510856,41705998788083719,悬浮固体，未指定,"Suspended solids, unspecified",排放到水/未指定,基本流,kg
42418851081908232,42418851001167882,41524144274399237,42138729794510856,41705998788083720,悬浮固体，未指定,"Suspended solids, unspecified",排放到水/地下-,基本流,kg
42418851081908235,42418851001167882,41524144274399237,42138729794510856,41705998788083721,悬浮固体，未指定,"Suspended solids, unspecified",排放到水/地表水,基本流,kg
42418851081908234,42418851001167882,41524144274399237,42138729794510856,41705998788083722,悬浮固体，未指定,"Suspended solids, unspecified",排放到水/海洋,基本流,kg
42418851082432532,42418851001167878,41524144274399237,42138729794773000,41705996354076677,危险废物处置,Hazardous waste disposed,清单指标/废弃物,特殊资源指标,kg
42418851082432531,42418851000905747,41524144274399237,42138729795559429,41705996354338824,非危险废物处置,Non-hazardous waste disposed,清单指标/废弃物,特殊资源指标,kg
42418851082432535,42418851000643589,41524144274399237,42138729797918727,41705996354076677,危险废物处置,Hazardous waste disposed,清单指标/废弃物,特殊资源指标,kg
42051879153758214,42051879094775837,41524144274399237,42025820237819910,41705998804336650,水，冷却，未指定天然来源,"Water, cooling, unspecified natural origin",自然资源/水体,基本流,m3
42051879153758218,42051879094775837,41524144274399237,42025820237819910,41705998804336656,水，涡轮机用水，未指定天然来源,"Water, turbine use, unspecified natural origin",自然资源/水体,基本流,m3
42051879154020357,42051879094775837,41524144274399237,42025820237819910,41705998804336657,水，未指定天然来源,"Water, unspecified natural origin",自然资源/化石井,基本流,m3
42051879153758219,42051879094775837,41524144274399237,42025820237819910,41705998804598789,水，未指定天然来源,"Water, unspecified natural origin",自然资源/水体,基本流,m3
42051879153758221,42051879094775837,41524144274399237,42025820237819910,41705998804598790,水，未指定天然来源,"Water, unspecified natural origin",自然资源/地下,基本流,m3
42051879153758215,42051879094775836,41524144274399237,42025820237819911,41705998804336652,水，湖泊,"Water, lake",自然资源/水体,基本流,m3
42051879153758216,42051879094775835,41524144274399237,42025820238082053,41705998804336653,水，河流,"Water, river",自然资源/水体,基本流,m3
42051879153758217,42051879094775834,41524144274399237,42025820238082054,41705998804336654,水，咸，海洋,"Water, salt, ocean",自然资源/水体,基本流,m3
42051879153758220,42051879094775833,41524144274399237,42025820238082055,41705998804598791,水，井，地下,"Water, well, in ground",自然资源/水体,基本流,m3
42051879154020359,42051879094775832,41524144274399237,42025820238344197,41705998804074506,水,Water,排放到空气/未指定,基本流,m3
42051879154020364,42051879094775832,41524144274399237,42025820238344197,41705998804074507,水,Water,排放到空气/非城市空气或来自高烟囱的气体,基本流,m3
42051879154020358,42051879094775832,41524144274399237,42025820238344197,41705998804074508,水,Water,排放到水/海洋,基本流,m3
42051879154020361,42051879094775832,41524144274399237,42025820238344197,41705998804074509,水,Water,排放到水/地下-,基本流,m3
42051879154020363,42051879094775832,41524144274399237,42025820238344197,41705998804074510,水,Water,排放到空气/平流层下部 + 对流层上部,基本流,m3
42051879154020365,42051879094775832,41524144274399237,42025820238344197,41705998804074511,水,Water,排放到水/未指定,基本流,m3
42051879154020366,42051879094775832,41524144274399237,42025820238344197,41705998804336645,水,Water,排放到空气/城市近地空气,基本流,m3
42051879154020360,42051879094775832,41524144274399237,42025820238344197,41705998804336646,水,Water,排放到水/地下-，长期,基本流,m3
42051879154020368,42051879094775832,41524144274399237,42025820238344197,41705998804336647,水,Water,排放到水/化石井,基本流,m3
42051879154020367,42051879094775832,41524144274399237,42025820238344197,41705998804336648,水,Water,排放到水/地表水,基本流,m3
42051879154020362,42051879094775832,41524144274399237,42025820238344197,41705998804336649,水,Water,排放到空气/低人口密度，长期,基本流,m3
42051879154020377,42051879094775825,41524144274399237,42025820238606341,41705996380815368,二氧化碳，化石源,"Carbon dioxide, fossil",排放到空气/未指定,基本流,kg
42051879154020374,42051879094775825,41524144274399237,42025820238606341,41705996380815369,二氧化碳，化石源,"Carbon dioxide, fossil",排放到空气/非城市空气或来自高烟囱的气体,基本流,kg
42051879154020376,42051879094775825,41524144274399237,42025820238606341,41705996380815370,二氧化碳，化石源,"Carbon dioxide, fossil",排放到空气/平流层下部 + 对流层上部,基本流,kg
42051879154020369,42051879094775825,41524144274399237,42025820238606341,41705996381077509,二氧化碳，化石源,"Carbon dioxide, fossil",排放到空气/城市近地空气,基本流,kg
42051879154020375,42051879094775825,41524144274399237,42025820238606341,41705996381077510,二氧化碳，化石源,"Carbon dioxide, fossil",排放到空气/低人口密度，长期,基本流,kg
42051879154282503,42051879094775825,41524144274399237,42025820238606341,41705996381077512,二氧化碳，来自土壤或生物质,"Carbon dioxide, from soil or biomass stock",排放到空气/非城市空气或来自高烟囱的气体,基本流,kg
42051879154282501,42051879094775825,41524144274399237,42025820238606341,41705996381077513,二氧化碳，来自土壤或生物质,"Carbon dioxide, from soil or biomass stock",排放到空气/低人口密度，长期,基本流,kg
42051879154020378,42051879094775825,41524144274399237,42025820238606341,41705996381077514,二氧化碳，来自土壤或生物质,"Carbon dioxide, from soil or biomass stock",排放到空气/未指定,基本流,kg
42051879154282504,42051879094775825,41524144274399237,42025820238606341,41705996381077515,二氧化碳，来自土壤或生物质,"Carbon dioxide, from soil or biomass stock",排放到空气/城市近地空气,基本流,kg
42051879154020370,42051879094775825,41524144274399237,42025820238606341,41705996381077517,二氧化碳，非化石源,"Carbon dioxide, non-fossil",排放到空气/城市近地空气,基本流,kg
42051879154020373,42051879094775825,41524144274399237,42025820238606341,41705996381339653,二氧化碳，非化石源,"Carbon dioxide, non-fossil",排放到空气/未指定,基本流,kg
42051879154020371,42051879094775825,41524144274399237,42025820238606341,41705996381339654,二氧化碳，非化石源,"Carbon dioxide, non-fossil",排放到空气/非城市空气或来自高烟囱的气体,基本流,kg
42051879154020372,42051879094775825,41524144274399237,42025820238606341,41705996381339655,二氧化碳，非化石源,"Carbon dioxide, non-fossil",排放到空气/低人口密度，长期,基本流,kg
42051879154282502,42051879094775825,41524144274399237,42025820238606341,41705996381339657,二氧化碳，封存至土壤或生物质库,"Carbon dioxide, to soil or biomass stock",排放到土壤/未指定,基本流,kg
42051879154282507,42051879094775825,41524144274399237,42025820238606341,41705996381339658,二氧化碳，封存至土壤或生物质库,"Carbon dioxide, to soil or biomass stock",排放到土壤/林业,基本流,kg
42051879154282505,42051879094775825,41524144274399237,42025820238606341,41705996381339659,二氧化碳，封存至土壤或生物质库,"Carbon dioxide, to soil or biomass stock",排放到土壤/农业,基本流,kg
42051879154282506,42051879094775825,41524144274399237,42025820238606341,41705996381339660,二氧化碳，封存至土壤或生物质库,"Carbon dioxide, to soil or biomass stock",排放到土壤/工业,基本流,kg
42051879154282512,42051879094775824,41524144274399237,42025820238606342,41705997519306762,氢气,Hydrogen,排放到水/地表水,基本流,kg
42051879154282508,42051879094775824,41524144274399237,42025820238606342,41705997519306763,氢气,Hydrogen,排放到空气/城市近地空气,基本流,kg
42051879154282509,42051879094775824,41524144274399237,42025820238606342,41705997519306764,氢气,Hydrogen,排放到空气/非城市空气或来自高烟囱的气体,基本流,kg
42051879154282511,42051879094775824,41524144274399237,42025820238606342,41705997519306766,氢气,Hydrogen,排放到空气/未指定,基本流,kg
42051879154282510,42051879094775824,41524144274399237,42025820238606342,41705997519306767,氢气,Hydrogen,排放到空气/低人口密度，长期,基本流,kg
42051879154282514,42051879094251545,41524144274399237,42025820240441351,41705996354338823,回收用材料,Materials for recycling,清单指标/输出流,特殊资源指标,kg
42051879154282515,42051879094251544,41524144274399237,42025820240703493,41705996354076677,危险废物处置,Hazardous waste disposed,清单指标/废弃物,特殊资源指标,kg
42051879154282516,42051879094251542,41524144274399237,42025820240703495,41705996354076677,危险废物处置,Hazardous waste disposed,清单指标/废弃物,特殊资源指标,kg
42051879154282517,42051879094251538,41524144274399237,42025820241227783,41705996354600968,二次材料,Secondary materials,清单指标/资源使用,特殊资源指标,kg
42051879154282519,42051879094251534,41524144274399237,42025820241752070,41705996354338823,回收用材料,Materials for recycling,清单指标/输出流,特殊资源指标,kg
42051879154282520,42051879094251533,41524144274399237,42025820242014213,41705996354076677,危险废物处置,Hazardous waste disposed,清单指标/废弃物,特殊资源指标,kg
42051879154544646,42051879094251531,41524144274399237,42025820242014215,41705996354338823,回收用材料,Materials for recycling,清单指标/输出流,特殊资源指标,kg
42051879154544647,42051879094251530,41524144274399237,42025820242276357,41705996354338824,非危险废物处置,Non-hazardous waste disposed,清单指标/废弃物,特殊资源指标,kg
42051879154544645,42051879094251528,41524144274399237,42025820242276359,41705996354600968,二次材料,Secondary materials,清单指标/资源使用,特殊资源指标,kg
42051879154544649,42051879093989398,41524144274399237,42025820243062789,41705996354600968,二次材料,Secondary materials,清单指标/资源使用,特殊资源指标,kg
42051879154544651,42051879093989396,41524144274399237,42025820243062791,41705996354338824,非危险废物处置,Non-hazardous waste disposed,清单指标/废弃物,特殊资源指标,kg
42051879154544648,42051879093989395,41524144274399237,42025820243324933,41705996354338823,回收用材料,Materials for recycling,清单指标/输出流,特殊资源指标,kg
42051879154544650,42051879093989394,41524144274399237,42025820243324934,41705996354076677,危险废物处置,Hazardous waste disposed,清单指标/废弃物,特殊资源指标,kg
